GID_0;country;CODE_2;region_name
DZA;Algeria;DZA.1_1;Adrar
DZA;Algeria;DZA.2_1;Aïn Defla
DZA;Algeria;DZA.3_1;Aïn Témouchent
DZA;Algeria;DZA.4_1;Alger
DZA;Algeria;DZA.5_1;Annaba
DZA;Algeria;DZA.6_1;Batna
DZA;Algeria;DZA.7_1;Béchar
DZA;Algeria;DZA.8_1;Béjaïa
DZA;Algeria;DZA.9_1;Biskra
DZA;Algeria;DZA.10_1;Blida
DZA;Algeria;DZA.11_1;Bordj Bou Arréridj
DZA;Algeria;DZA.12_1;Bouira
DZA;Algeria;DZA.13_1;Boumerdès
DZA;Algeria;DZA.14_1;Chlef
DZA;Algeria;DZA.15_1;Constantine
DZA;Algeria;DZA.16_1;Djelfa
DZA;Algeria;DZA.17_1;El Bayadh
DZA;Algeria;DZA.18_1;El Oued
DZA;Algeria;DZA.19_1;El Tarf
DZA;Algeria;DZA.20_1;Ghardaïa
DZA;Algeria;DZA.21_1;Guelma
DZA;Algeria;DZA.22_1;Illizi
DZA;Algeria;DZA.23_1;Jijel
DZA;Algeria;DZA.24_1;Khenchela
DZA;Algeria;DZA.25_1;Laghouat
DZA;Algeria;DZA.26_1;M'Sila
DZA;Algeria;DZA.27_1;Mascara
DZA;Algeria;DZA.28_1;Médéa
DZA;Algeria;DZA.29_1;Mila
DZA;Algeria;DZA.30_1;Mostaganem
DZA;Algeria;DZA.31_1;Naâma
DZA;Algeria;DZA.32_1;Oran
DZA;Algeria;DZA.33_1;Ouargla
DZA;Algeria;DZA.34_1;Oum el Bouaghi
DZA;Algeria;DZA.35_1;Relizane
DZA;Algeria;DZA.36_1;Saïda
DZA;Algeria;DZA.37_1;Sétif
DZA;Algeria;DZA.38_1;Sidi Bel Abbès
DZA;Algeria;DZA.39_1;Skikda
DZA;Algeria;DZA.40_1;Souk Ahras
DZA;Algeria;DZA.41_1;Tamanghasset
DZA;Algeria;DZA.42_1;Tébessa
DZA;Algeria;DZA.43_1;Tiaret
DZA;Algeria;DZA.44_1;Tindouf
DZA;Algeria;DZA.45_1;Tipaza
DZA;Algeria;DZA.46_1;Tissemsilt
DZA;Algeria;DZA.47_1;Tizi Ouzou
DZA;Algeria;DZA.48_1;Tlemcen
ARG;Argentina;ARG.1_1;Buenos Aires
ARG;Argentina;ARG.2_1;Catamarca
ARG;Argentina;ARG.3_1;Chaco
ARG;Argentina;ARG.4_1;Chubut
ARG;Argentina;ARG.5_1;Ciudad de Buenos Aires
ARG;Argentina;ARG.6_1;Córdoba
ARG;Argentina;ARG.7_1;Corrientes
ARG;Argentina;ARG.8_1;Entre Ríos
ARG;Argentina;ARG.9_1;Formosa
ARG;Argentina;ARG.10_1;Jujuy
ARG;Argentina;ARG.11_1;La Pampa
ARG;Argentina;ARG.12_1;La Rioja
ARG;Argentina;ARG.13_1;Mendoza
ARG;Argentina;ARG.14_1;Misiones
ARG;Argentina;ARG.15_1;Neuquén
ARG;Argentina;ARG.16_1;Río Negro
ARG;Argentina;ARG.17_1;Salta
ARG;Argentina;ARG.18_1;San Juan
ARG;Argentina;ARG.19_1;San Luis
ARG;Argentina;ARG.20_1;Santa Cruz
ARG;Argentina;ARG.21_1;Santa Fe
ARG;Argentina;ARG.22_1;Santiago del Estero
ARG;Argentina;ARG.23_1;Tierra del Fuego
ARG;Argentina;ARG.24_1;Tucumán
AUS;Australia;AUS.1_1;Ashmore and Cartier Islands
AUS;Australia;AUS.2_1;Australian Capital Territory
AUS;Australia;AUS.3_1;Coral Sea Islands Territory
AUS;Australia;AUS.4_1;Jervis Bay Territory
AUS;Australia;AUS.5_1;New South Wales
AUS;Australia;AUS.6_1;Northern Territory
AUS;Australia;AUS.7_1;Queensland
AUS;Australia;AUS.8_1;South Australia
AUS;Australia;AUS.9_1;Tasmania
AUS;Australia;AUS.10_1;Victoria
AUS;Australia;AUS.11_1;Western Australia
PRI;Puerto Rico;PRI.1_1;Adjuntas
PRI;Puerto Rico;PRI.2_1;Aguada
PRI;Puerto Rico;PRI.3_1;Aguadilla
PRI;Puerto Rico;PRI.4_1;Aguas Buenas
PRI;Puerto Rico;PRI.5_1;Aibonito
PRI;Puerto Rico;PRI.6_1;Añasco
PRI;Puerto Rico;PRI.7_1;Arecibo
PRI;Puerto Rico;PRI.8_1;Arroyo
PRI;Puerto Rico;PRI.9_1;Barceloneta
PRI;Puerto Rico;PRI.10_1;Barranquitas
PRI;Puerto Rico;PRI.11_1;Bayamón
PRI;Puerto Rico;PRI.12_1;Cabo Rojo
PRI;Puerto Rico;PRI.13_1;Caguas
PRI;Puerto Rico;PRI.14_1;Camuy
PRI;Puerto Rico;PRI.15_1;Canóvanas
PRI;Puerto Rico;PRI.16_1;Carolina
PRI;Puerto Rico;PRI.17_1;Cataño
PRI;Puerto Rico;PRI.18_1;Cayey
PRI;Puerto Rico;PRI.19_1;Ceiba
PRI;Puerto Rico;PRI.20_1;Ciales
PRI;Puerto Rico;PRI.21_1;Cidra
PRI;Puerto Rico;PRI.22_1;Coamo
PRI;Puerto Rico;PRI.23_1;Comerío
PRI;Puerto Rico;PRI.24_1;Corozal
PRI;Puerto Rico;PRI.25_1;Culebra
PRI;Puerto Rico;PRI.26_1;Dorado
PRI;Puerto Rico;PRI.27_1;Fajardo
PRI;Puerto Rico;PRI.28_1;Florida
PRI;Puerto Rico;PRI.29_1;Guánica
PRI;Puerto Rico;PRI.30_1;Guayama
PRI;Puerto Rico;PRI.31_1;Guayanilla
PRI;Puerto Rico;PRI.32_1;Guaynabo
PRI;Puerto Rico;PRI.33_1;Gurabo
PRI;Puerto Rico;PRI.34_1;Hatillo
PRI;Puerto Rico;PRI.35_1;Hormigueros
PRI;Puerto Rico;PRI.36_1;Humacao
PRI;Puerto Rico;PRI.37_1;Isabela
PRI;Puerto Rico;PRI.38_1;Jayuya
PRI;Puerto Rico;PRI.39_1;Juana Díaz
PRI;Puerto Rico;PRI.40_1;Juncos
PRI;Puerto Rico;PRI.41_1;Lajas
PRI;Puerto Rico;PRI.42_1;Lares
PRI;Puerto Rico;PRI.43_1;Las Marías
PRI;Puerto Rico;PRI.44_1;Las Piedras
PRI;Puerto Rico;PRI.45_1;Loíza
PRI;Puerto Rico;PRI.46_1;Luquillo
PRI;Puerto Rico;PRI.47_1;Manatí
PRI;Puerto Rico;PRI.48_1;Maricao
PRI;Puerto Rico;PRI.49_1;Maunabo
PRI;Puerto Rico;PRI.50_1;Mayagüez
PRI;Puerto Rico;PRI.51_1;Moca
PRI;Puerto Rico;PRI.52_1;Morovis
PRI;Puerto Rico;PRI.53_1;Naguabo
PRI;Puerto Rico;PRI.54_1;Naranjito
PRI;Puerto Rico;PRI.55_1;Orocovis
PRI;Puerto Rico;PRI.56_1;Patillas
PRI;Puerto Rico;PRI.57_1;Peñuelas
PRI;Puerto Rico;PRI.58_1;Ponce
PRI;Puerto Rico;PRI.59_1;Quebradillas
PRI;Puerto Rico;PRI.60_1;Rincón
PRI;Puerto Rico;PRI.61_1;Río Grande
PRI;Puerto Rico;PRI.62_1;Sabana Grande
PRI;Puerto Rico;PRI.63_1;Salinas
PRI;Puerto Rico;PRI.64_1;San Germán
PRI;Puerto Rico;PRI.65_1;San Juan
PRI;Puerto Rico;PRI.66_1;San Lorenzo
PRI;Puerto Rico;PRI.67_1;San Sebastián
PRI;Puerto Rico;PRI.68_1;Santa Isabel
PRI;Puerto Rico;PRI.69_1;Toa Alta
PRI;Puerto Rico;PRI.70_1;Toa Baja
PRI;Puerto Rico;PRI.71_1;Trujillo Alto
PRI;Puerto Rico;PRI.72_1;Utuado
PRI;Puerto Rico;PRI.73_1;Vega Alta
PRI;Puerto Rico;PRI.74_1;Vega Baja
PRI;Puerto Rico;PRI.75_1;Vieques
PRI;Puerto Rico;PRI.76_1;Villalba
PRI;Puerto Rico;PRI.77_1;Yabucoa
PRI;Puerto Rico;PRI.78_1;Yauco
QAT;Qatar;QAT.1_1;Ad Dawhah
QAT;Qatar;QAT.2_1;Al Daayen
QAT;Qatar;QAT.3_1;Al Khor
QAT;Qatar;QAT.4_1;Al Wakrah
QAT;Qatar;QAT.5_1;Ar Rayyan
QAT;Qatar;QAT.6_1;Madinat ash Shamal
QAT;Qatar;QAT.7_1;Umm Salal
BHR;Bahrain;BHR.1_1;Capital
BHR;Bahrain;BHR.2_1;Central
BHR;Bahrain;BHR.3_1;Muharraq
BHR;Bahrain;BHR.4_1;Northern
BHR;Bahrain;BHR.5_1;Southern
BOL;Bolivia;BOL.1_1;Chuquisaca
BOL;Bolivia;BOL.2_1;Cochabamba
BOL;Bolivia;BOL.3_1;El Beni
BOL;Bolivia;BOL.4_1;La Paz
BOL;Bolivia;BOL.5_1;Oruro
BOL;Bolivia;BOL.6_1;Pando
BOL;Bolivia;BOL.7_1;Potosí
BOL;Bolivia;BOL.8_1;Santa Cruz
BOL;Bolivia;BOL.9_1;Tarija
BRA;Brazil;BRA.1_1;Acre
BRA;Brazil;BRA.2_1;Alagoas
BRA;Brazil;BRA.3_1;Amapá
BRA;Brazil;BRA.4_1;Amazonas
BRA;Brazil;BRA.5_1;Bahia
BRA;Brazil;BRA.6_1;Ceará
BRA;Brazil;BRA.7_1;Distrito Federal
BRA;Brazil;BRA.8_1;Espírito Santo
BRA;Brazil;BRA.9_1;Goiás
BRA;Brazil;BRA.10_1;Maranhão
BRA;Brazil;BRA.11_1;Mato Grosso do Sul
BRA;Brazil;BRA.12_1;Mato Grosso
BRA;Brazil;BRA.13_1;Minas Gerais
BRA;Brazil;BRA.14_1;Pará
BRA;Brazil;BRA.15_1;Paraíba
BRA;Brazil;BRA.16_1;Paraná
BRA;Brazil;BRA.17_1;Pernambuco
BRA;Brazil;BRA.18_1;Piauí
BRA;Brazil;BRA.19_1;Rio de Janeiro
BRA;Brazil;BRA.20_1;Rio Grande do Norte
BRA;Brazil;BRA.21_1;Rio Grande do Sul
BRA;Brazil;BRA.22_1;Rondônia
BRA;Brazil;BRA.23_1;Roraima
BRA;Brazil;BRA.24_1;Santa Catarina
BRA;Brazil;BRA.25_1;São Paulo
BRA;Brazil;BRA.26_1;Sergipe
BRA;Brazil;BRA.27_1;Tocantins
SAU;Saudi Arabia;SAU.1_1;`Asir
SAU;Saudi Arabia;SAU.2_1;Al Bahah
SAU;Saudi Arabia;SAU.3_1;Al Hudud ash Shamaliyah
SAU;Saudi Arabia;SAU.4_1;Al Jawf
SAU;Saudi Arabia;SAU.5_1;Al Madinah
SAU;Saudi Arabia;SAU.6_1;Al Quassim
SAU;Saudi Arabia;SAU.7_1;Ar Riyad
SAU;Saudi Arabia;SAU.8_1;Ash Sharqiyah
SAU;Saudi Arabia;SAU.9_1;Ha'il
SAU;Saudi Arabia;SAU.10_1;Jizan
SAU;Saudi Arabia;SAU.11_1;Makkah
SAU;Saudi Arabia;SAU.12_1;Najran
SAU;Saudi Arabia;SAU.13_1;Tabuk
SEN;Senegal;SEN.1_1;Dakar
SEN;Senegal;SEN.2_1;Diourbel
SEN;Senegal;SEN.3_1;Fatick
SEN;Senegal;SEN.4_1;Kaffrine
SEN;Senegal;SEN.5_1;Kaolack
SEN;Senegal;SEN.6_1;Kédougou
SEN;Senegal;SEN.7_1;Kolda
SEN;Senegal;SEN.8_1;Louga
SEN;Senegal;SEN.9_1;Matam
SEN;Senegal;SEN.10_1;Saint-Louis
SEN;Senegal;SEN.11_1;Sédhiou
SEN;Senegal;SEN.12_1;Tambacounda
SEN;Senegal;SEN.13_1;Thiès
SEN;Senegal;SEN.14_1;Ziguinchor
SGP;Singapore;SGP.1_1;Central
SGP;Singapore;SGP.2_1;East
SGP;Singapore;SGP.3_1;North
SGP;Singapore;SGP.4_1;North-East
SGP;Singapore;SGP.5_1;West
ZAF;South Africa;ZAF.1_1;Eastern Cape
ZAF;South Africa;ZAF.2_1;Free State
ZAF;South Africa;ZAF.3_1;Gauteng
ZAF;South Africa;ZAF.4_1;KwaZulu-Natal
ZAF;South Africa;ZAF.5_1;Limpopo
ZAF;South Africa;ZAF.6_1;Mpumalanga
ZAF;South Africa;ZAF.7_1;North West
ZAF;South Africa;ZAF.8_1;Northern Cape
ZAF;South Africa;ZAF.9_1;Western Cape
KOR;South Korea;KOR.1_1;Busan
KOR;South Korea;KOR.2_1;Chungcheongbuk-do
KOR;South Korea;KOR.3_1;Chungcheongnam-do
KOR;South Korea;KOR.4_1;Daegu
KOR;South Korea;KOR.5_1;Daejeon
KOR;South Korea;KOR.6_1;Gangwon-do
KOR;South Korea;KOR.7_1;Gwangju
KOR;South Korea;KOR.8_1;Gyeonggi-do
KOR;South Korea;KOR.9_1;Gyeongsangbuk-do
KOR;South Korea;KOR.10_1;Gyeongsangnam-do
KOR;South Korea;KOR.11_1;Incheon
KOR;South Korea;KOR.12_1;Jeju
KOR;South Korea;KOR.13_1;Jeollabuk-do
KOR;South Korea;KOR.14_1;Jeollanam-do
KOR;South Korea;KOR.15_1;Sejong
KOR;South Korea;KOR.16_1;Seoul
KOR;South Korea;KOR.17_1;Ulsan
CAN;Canada;CAN.1_1;Alberta
CAN;Canada;CAN.2_1;British Columbia
CAN;Canada;CAN.3_1;Manitoba
CAN;Canada;CAN.4_1;New Brunswick
CAN;Canada;CAN.5_1;Newfoundland and Labrador
CAN;Canada;CAN.6_1;Northwest Territories
CAN;Canada;CAN.7_1;Nova Scotia
CAN;Canada;CAN.8_1;Nunavut
CAN;Canada;CAN.9_1;Ontario
CAN;Canada;CAN.10_1;Prince Edward Island
CAN;Canada;CAN.11_1;Québec
CAN;Canada;CAN.12_1;Saskatchewan
SDN;Sudan;SDN.1_1;Al Jazirah
SDN;Sudan;SDN.2_1;Al Qadarif
SDN;Sudan;SDN.3_1;Blue Nile
SDN;Sudan;SDN.4_1;Central Darfur
SDN;Sudan;SDN.5_1;East Darfur
SDN;Sudan;SDN.6_1;Kassala
SDN;Sudan;SDN.7_1;Khartoum
SDN;Sudan;SDN.8_1;North Darfur
SDN;Sudan;SDN.9_1;North Kurdufan
SDN;Sudan;SDN.10_1;Northern
SDN;Sudan;SDN.11_1;Red Sea
SDN;Sudan;SDN.12_1;River Nile
SDN;Sudan;SDN.13_1;Sennar
SDN;Sudan;SDN.14_1;South Darfur
SDN;Sudan;SDN.15_1;South Kurdufan
SDN;Sudan;SDN.16_1;West Darfur
SDN;Sudan;SDN.17_1;West Kurdufan
SDN;Sudan;SDN.18_1;White Nile
SUR;Suriname;SUR.1_1;Brokopondo
SUR;Suriname;SUR.2_1;Commewijne
SUR;Suriname;SUR.3_1;Coronie
SUR;Suriname;SUR.4_1;Marowijne
SUR;Suriname;SUR.5_1;Nickerie
SUR;Suriname;SUR.6_1;Para
SUR;Suriname;SUR.7_1;Paramaribo
SUR;Suriname;SUR.8_1;Saramacca
SUR;Suriname;SUR.9_1;Sipaliwini
SUR;Suriname;SUR.10_1;Wanica
CAN;Canada;CAN.13_1;Yukon
CHL;Chile;CHL.1_1;Aisén del General Carlos Ibáñez del Campo
CHL;Chile;CHL.2_1;Antofagasta
CHL;Chile;CHL.3_1;Araucanía
CHL;Chile;CHL.4_1;Arica y Parinacota
CHL;Chile;CHL.5_1;Atacama
CHL;Chile;CHL.6_1;Bío-Bío
CHL;Chile;CHL.7_1;Coquimbo
CHL;Chile;CHL.8_1;Libertador General Bernardo O'Higgins
CHL;Chile;CHL.9_1;Los Lagos
CHL;Chile;CHL.10_1;Los Ríos
CHL;Chile;CHL.11_1;Magallanes y Antártica Chilena
CHL;Chile;CHL.12_1;Maule
CHL;Chile;CHL.13_1;Ñuble
CHL;Chile;CHL.14_1;Región Metropolitana de Santiago
CHL;Chile;CHL.15_1;Tarapacá
CHL;Chile;CHL.16_1;Valparaíso
CHN;China;CHN.1_1;Anhui
CHN;China;CHN.2_1;Beijing
CHN;China;CHN.3_1;Chongqing
CHN;China;CHN.4_1;Fujian
CHN;China;CHN.5_1;Gansu
CHN;China;CHN.6_1;Guangdong
CHN;China;CHN.7_1;Guangxi
CHN;China;CHN.8_1;Guizhou
CHN;China;CHN.9_1;Hainan
CHN;China;CHN.10_1;Hebei
CHN;China;CHN.11_1;Heilongjiang
CHN;China;CHN.12_1;Henan
CHN;China;CHN.13_1;Hubei
CHN;China;CHN.14_1;Hunan
CHN;China;CHN.15_1;Jiangsu
CHN;China;CHN.16_1;Jiangxi
CHN;China;CHN.17_1;Jilin
CHN;China;CHN.18_1;Liaoning
CHN;China;CHN.19_1;Nei Mongol
CHN;China;CHN.20_1;Ningxia Hui
CHN;China;CHN.21_1;Qinghai
CHN;China;CHN.22_1;Shaanxi
CHN;China;CHN.23_1;Shandong
CHN;China;CHN.24_1;Shanghai
CHN;China;CHN.25_1;Shanxi
CHN;China;CHN.26_1;Sichuan
CHN;China;CHN.27_1;Tianjin
CHN;China;CHN.28_1;Xinjiang Uygur
CHN;China;CHN.29_1;Xizang
CHN;China;CHN.30_1;Yunnan
CHN;China;CHN.31_1;Zhejiang
COL;Colombia;COL.1_1;Amazonas
COL;Colombia;COL.2_1;Antioquia
COL;Colombia;COL.3_1;Arauca
COL;Colombia;COL.4_1;Atlántico
COL;Colombia;COL.5_1;Bolívar
COL;Colombia;COL.6_1;Boyacá
COL;Colombia;COL.7_1;Caldas
COL;Colombia;COL.8_1;Caquetá
COL;Colombia;COL.9_1;Casanare
COL;Colombia;COL.10_1;Cauca
COL;Colombia;COL.11_1;Cesar
COL;Colombia;COL.12_1;Chocó
COL;Colombia;COL.13_1;Córdoba
COL;Colombia;COL.14_1;Cundinamarca
COL;Colombia;COL.15_1;Guainía
COL;Colombia;COL.16_1;Guaviare
COL;Colombia;COL.17_1;Huila
COL;Colombia;COL.18_1;La Guajira
COL;Colombia;COL.19_1;Magdalena
COL;Colombia;COL.20_1;Meta
COL;Colombia;COL.21_1;Nariño
COL;Colombia;COL.22_1;Norte de Santander
COL;Colombia;COL.23_1;Putumayo
COL;Colombia;COL.24_1;Quindío
COL;Colombia;COL.25_1;Risaralda
COL;Colombia;COL.26_1;San Andrés y Providencia
COL;Colombia;COL.27_1;Santander
COL;Colombia;COL.28_1;Sucre
COL;Colombia;COL.29_1;Tolima
COL;Colombia;COL.30_1;Valle del Cauca
COL;Colombia;COL.31_1;Vaupés
COL;Colombia;COL.32_1;Vichada
CRI;Costa Rica;CRI.1_1;Alajuela
CRI;Costa Rica;CRI.2_1;Cartago
CRI;Costa Rica;CRI.3_1;Guanacaste
CRI;Costa Rica;CRI.4_1;Heredia
CRI;Costa Rica;CRI.5_1;Limón
CRI;Costa Rica;CRI.6_1;Puntarenas
CRI;Costa Rica;CRI.7_1;San José
CUB;Cuba;CUB.1_1;Camagüey
CUB;Cuba;CUB.2_1;Ciego de Ávila
CUB;Cuba;CUB.3_1;Cienfuegos
CUB;Cuba;CUB.4_1;Ciudad de la Habana
CUB;Cuba;CUB.5_1;Granma
CUB;Cuba;CUB.6_1;Guantánamo
CUB;Cuba;CUB.7_1;Holguín
CUB;Cuba;CUB.8_1;Isla de la Juventud
CUB;Cuba;CUB.9_1;La Habana
CUB;Cuba;CUB.10_1;Las Tunas
CUB;Cuba;CUB.11_1;Matanzas
CUB;Cuba;CUB.12_1;Mayabeque
CUB;Cuba;CUB.13_1;Pinar del Río
CUB;Cuba;CUB.14_1;Sancti Spíritus
CUB;Cuba;CUB.15_1;Santiago de Cuba
CUB;Cuba;CUB.16_1;Villa Clara
DOM;Dominican Republic;DOM.1_1;Azua
DOM;Dominican Republic;DOM.2_1;Bahoruco
DOM;Dominican Republic;DOM.3_1;Barahona
DOM;Dominican Republic;DOM.4_1;Dajabón
DOM;Dominican Republic;DOM.5_1;Distrito Nacional
DOM;Dominican Republic;DOM.6_1;Duarte
DOM;Dominican Republic;DOM.7_1;El Seybo
DOM;Dominican Republic;DOM.8_1;Espaillat
DOM;Dominican Republic;DOM.9_1;Hato Mayor
DOM;Dominican Republic;DOM.10_1;Independencia
DOM;Dominican Republic;DOM.11_1;La Altagracia
DOM;Dominican Republic;DOM.12_1;La Estrelleta
DOM;Dominican Republic;DOM.13_1;La Romana
DOM;Dominican Republic;DOM.14_1;La Vega
DOM;Dominican Republic;DOM.15_1;María Trinidad Sánchez
DOM;Dominican Republic;DOM.16_1;Monseñor Nouel
DOM;Dominican Republic;DOM.17_1;Monte Cristi
DOM;Dominican Republic;DOM.18_1;Monte Plata
DOM;Dominican Republic;DOM.19_1;Pedernales
DOM;Dominican Republic;DOM.20_1;Peravia
DOM;Dominican Republic;DOM.21_1;Puerto Plata
DOM;Dominican Republic;DOM.22_1;Salcedo
DOM;Dominican Republic;DOM.23_1;Samaná
DOM;Dominican Republic;DOM.24_1;San Cristóbal
DOM;Dominican Republic;DOM.25_1;San José de Ocoa
DOM;Dominican Republic;DOM.26_1;San Juan
DOM;Dominican Republic;DOM.27_1;San Pedro de Macorís
DOM;Dominican Republic;DOM.28_1;Sánchez Ramírez
DOM;Dominican Republic;DOM.29_1;Santiago Rodríguez
DOM;Dominican Republic;DOM.30_1;Santiago
DOM;Dominican Republic;DOM.31_1;Santo Domingo
DOM;Dominican Republic;DOM.32_1;Valverde
ECU;Ecuador;ECU.1_1;Azuay
ECU;Ecuador;ECU.2_1;Bolivar
ECU;Ecuador;ECU.3_1;Cañar
ECU;Ecuador;ECU.4_1;Carchi
ECU;Ecuador;ECU.5_1;Chimborazo
ECU;Ecuador;ECU.6_1;Cotopaxi
ECU;Ecuador;ECU.7_1;El Oro
ECU;Ecuador;ECU.8_1;Esmeraldas
ECU;Ecuador;ECU.9_1;Galápagos
ECU;Ecuador;ECU.10_1;Guayas
ECU;Ecuador;ECU.11_1;Imbabura
ECU;Ecuador;ECU.12_1;Loja
ECU;Ecuador;ECU.13_1;Los Rios
ECU;Ecuador;ECU.14_1;Manabi
ECU;Ecuador;ECU.15_1;Morona Santiago
ECU;Ecuador;ECU.16_1;Napo
ECU;Ecuador;ECU.17_1;Orellana
ECU;Ecuador;ECU.18_1;Pastaza
ECU;Ecuador;ECU.19_1;Pichincha
ECU;Ecuador;ECU.20_1;Santa Elena
ECU;Ecuador;ECU.21_1;Santo Domingo de los Tsachilas
ECU;Ecuador;ECU.22_1;Sucumbios
ECU;Ecuador;ECU.23_1;Tungurahua
ECU;Ecuador;ECU.24_1;Zamora Chinchipe
THA;Thailand;THA.1_1;Amnat Charoen
EGY;Egypt;EGY.1_1;Ad Daqahliyah
EGY;Egypt;EGY.2_1;Al Bahr al Ahmar
THA;Thailand;THA.2_1;Ang Thong
EGY;Egypt;EGY.3_1;Al Buhayrah
EGY;Egypt;EGY.4_1;Al Fayyum
EGY;Egypt;EGY.5_1;Al Gharbiyah
EGY;Egypt;EGY.6_1;Al Iskandariyah
EGY;Egypt;EGY.7_1;Al Isma`iliyah
THA;Thailand;THA.3_1;Bangkok Metropolis
EGY;Egypt;EGY.8_1;Al Jizah
EGY;Egypt;EGY.9_1;Al Minufiyah
EGY;Egypt;EGY.10_1;Al Minya
EGY;Egypt;EGY.11_1;Al Qahirah
THA;Thailand;THA.4_1;Bueng Kan
EGY;Egypt;EGY.12_1;Al Qalyubiyah
THA;Thailand;THA.5_1;Buri Ram
EGY;Egypt;EGY.13_1;Al Uqsur
EGY;Egypt;EGY.14_1;Al Wadi al Jadid
EGY;Egypt;EGY.15_1;As Suways
EGY;Egypt;EGY.16_1;Ash Sharqiyah
EGY;Egypt;EGY.17_1;Aswan
EGY;Egypt;EGY.18_1;Asyut
EGY;Egypt;EGY.19_1;Bani Suwayf
EGY;Egypt;EGY.20_1;Bur Sa`id
EGY;Egypt;EGY.21_1;Dumyat
EGY;Egypt;EGY.22_1;Janub Sina'
EGY;Egypt;EGY.23_1;Kafr ash Shaykh
EGY;Egypt;EGY.24_1;Matrouh
EGY;Egypt;EGY.25_1;Qina
EGY;Egypt;EGY.26_1;Shamal Sina'
THA;Thailand;THA.6_1;Chachoengsao
EGY;Egypt;EGY.27_1;Suhaj
THA;Thailand;THA.7_1;Chai Nat
THA;Thailand;THA.8_1;Chaiyaphum
THA;Thailand;THA.9_1;Chanthaburi
THA;Thailand;THA.10_1;Chiang Mai
THA;Thailand;THA.11_1;Chiang Rai
THA;Thailand;THA.12_1;Chon Buri
THA;Thailand;THA.13_1;Chumphon
THA;Thailand;THA.14_1;Kalasin
THA;Thailand;THA.15_1;Kamphaeng Phet
THA;Thailand;THA.16_1;Kanchanaburi
THA;Thailand;THA.17_1;Khon Kaen
THA;Thailand;THA.18_1;Krabi
THA;Thailand;THA.19_1;Lampang
THA;Thailand;THA.20_1;Lamphun
THA;Thailand;THA.21_1;Loei
THA;Thailand;THA.22_1;Lop Buri
THA;Thailand;THA.23_1;Mae Hong Son
THA;Thailand;THA.24_1;Maha Sarakham
THA;Thailand;THA.25_1;Mukdahan
THA;Thailand;THA.26_1;Nakhon Nayok
THA;Thailand;THA.27_1;Nakhon Pathom
THA;Thailand;THA.28_1;Nakhon Phanom
THA;Thailand;THA.29_1;Nakhon Ratchasima
THA;Thailand;THA.30_1;Nakhon Sawan
THA;Thailand;THA.31_1;Nakhon Si Thammarat
THA;Thailand;THA.32_1;Nan
THA;Thailand;THA.33_1;Narathiwat
THA;Thailand;THA.34_1;Nong Bua Lam Phu
THA;Thailand;THA.35_1;Nong Khai
THA;Thailand;THA.36_1;Nonthaburi
THA;Thailand;THA.37_1;Pathum Thani
THA;Thailand;THA.38_1;Pattani
THA;Thailand;THA.39_1;Phangnga
THA;Thailand;THA.40_1;Phatthalung
THA;Thailand;THA.41_1;Phayao
THA;Thailand;THA.42_1;Phetchabun
THA;Thailand;THA.43_1;Phetchaburi
THA;Thailand;THA.44_1;Phichit
THA;Thailand;THA.45_1;Phitsanulok
THA;Thailand;THA.46_1;Phra Nakhon Si Ayutthaya
THA;Thailand;THA.47_1;Phrae
THA;Thailand;THA.48_1;Phuket
THA;Thailand;THA.49_1;Prachin Buri
THA;Thailand;THA.50_1;Prachuap Khiri Khan
THA;Thailand;THA.51_1;Ranong
THA;Thailand;THA.52_1;Ratchaburi
THA;Thailand;THA.53_1;Rayong
THA;Thailand;THA.54_1;Roi Et
THA;Thailand;THA.55_1;Sa Kaeo
THA;Thailand;THA.56_1;Sakon Nakhon
THA;Thailand;THA.57_1;Samut Prakan
THA;Thailand;THA.58_1;Samut Sakhon
THA;Thailand;THA.59_1;Samut Songkhram
THA;Thailand;THA.60_1;Saraburi
THA;Thailand;THA.61_1;Satun
THA;Thailand;THA.62_1;Si Sa Ket
THA;Thailand;THA.63_1;Sing Buri
THA;Thailand;THA.64_1;Songkhla
THA;Thailand;THA.65_1;Sukhothai
THA;Thailand;THA.66_1;Suphan Buri
THA;Thailand;THA.67_1;Surat Thani
THA;Thailand;THA.68_1;Surin
THA;Thailand;THA.69_1;Tak
THA;Thailand;THA.70_1;Trang
THA;Thailand;THA.71_1;Trat
THA;Thailand;THA.72_1;Ubon Ratchathani
ETH;Ethiopia;ETH.1_1;Addis Abeba
ETH;Ethiopia;ETH.2_1;Afar
ETH;Ethiopia;ETH.3_1;Amhara
THA;Thailand;THA.73_1;Udon Thani
ETH;Ethiopia;ETH.4_1;Benshangul-Gumaz
ETH;Ethiopia;ETH.5_1;Dire Dawa
ETH;Ethiopia;ETH.6_1;Gambela Peoples
ETH;Ethiopia;ETH.7_1;Harari People
ETH;Ethiopia;ETH.8_1;Oromia
THA;Thailand;THA.74_1;Uthai Thani
THA;Thailand;THA.75_1;Uttaradit
THA;Thailand;THA.76_1;Yala
THA;Thailand;THA.77_1;Yasothon
ETH;Ethiopia;ETH.9_1;Somali
ETH;Ethiopia;ETH.10_1;Southern Nations, Nationalities and Peoples
ETH;Ethiopia;ETH.11_1;Tigray
FLK;Falkland Islands;;
TUN;Tunisia;TUN.1_1;Ariana
TUN;Tunisia;TUN.2_1;Béja
TUN;Tunisia;TUN.3_1;Ben Arous (Tunis Sud)
TUN;Tunisia;TUN.4_1;Bizerte
TUN;Tunisia;TUN.5_1;Gabès
TUN;Tunisia;TUN.6_1;Gafsa
TUN;Tunisia;TUN.7_1;Jendouba
TUN;Tunisia;TUN.8_1;Kairouan
TUN;Tunisia;TUN.9_1;Kassérine
TUN;Tunisia;TUN.10_1;Kebili
TUN;Tunisia;TUN.11_1;Le Kef
TUN;Tunisia;TUN.12_1;Mahdia
TUN;Tunisia;TUN.13_1;Manubah
TUN;Tunisia;TUN.14_1;Médenine
TUN;Tunisia;TUN.15_1;Monastir
TUN;Tunisia;TUN.16_1;Nabeul
TUN;Tunisia;TUN.17_1;Sfax
TUN;Tunisia;TUN.18_1;Sidi Bou Zid
TUN;Tunisia;TUN.19_1;Siliana
TUN;Tunisia;TUN.20_1;Sousse
TUN;Tunisia;TUN.21_1;Tataouine
TUN;Tunisia;TUN.22_1;Tozeur
TUN;Tunisia;TUN.23_1;Tunis
TUN;Tunisia;TUN.24_1;Zaghouan
TUR;Turkey;TUR.1_1;Adana
TUR;Turkey;TUR.2_1;Adiyaman
TUR;Turkey;TUR.3_1;Afyon
TUR;Turkey;TUR.4_1;Agri
TUR;Turkey;TUR.5_1;Aksaray
TUR;Turkey;TUR.6_1;Amasya
TUR;Turkey;TUR.7_1;Ankara
TUR;Turkey;TUR.8_1;Antalya
TUR;Turkey;TUR.9_1;Ardahan
TUR;Turkey;TUR.10_1;Artvin
TUR;Turkey;TUR.11_1;Aydin
TUR;Turkey;TUR.12_1;Balikesir
TUR;Turkey;TUR.13_1;Bartın
TUR;Turkey;TUR.14_1;Batman
TUR;Turkey;TUR.15_1;Bayburt
TUR;Turkey;TUR.16_1;Bilecik
TUR;Turkey;TUR.17_1;Bingöl
TUR;Turkey;TUR.18_1;Bitlis
TUR;Turkey;TUR.19_1;Bolu
TUR;Turkey;TUR.20_1;Burdur
TUR;Turkey;TUR.21_1;Bursa
TUR;Turkey;TUR.22_1;Çanakkale
TUR;Turkey;TUR.23_1;Çankiri
TUR;Turkey;TUR.24_1;Çorum
TUR;Turkey;TUR.25_1;Denizli
TUR;Turkey;TUR.26_1;Diyarbakir
TUR;Turkey;TUR.27_1;Düzce
TUR;Turkey;TUR.28_1;Edirne
TUR;Turkey;TUR.29_1;Elazığ
TUR;Turkey;TUR.30_1;Erzincan
TUR;Turkey;TUR.31_1;Erzurum
TUR;Turkey;TUR.32_1;Eskisehir
TUR;Turkey;TUR.33_1;Gaziantep
TUR;Turkey;TUR.34_1;Giresun
TUR;Turkey;TUR.35_1;Gümüshane
TUR;Turkey;TUR.36_1;Hakkari
TUR;Turkey;TUR.37_1;Hatay
TUR;Turkey;TUR.38_1;Iğdır
TUR;Turkey;TUR.39_1;Isparta
TUR;Turkey;TUR.40_1;Istanbul
TUR;Turkey;TUR.41_1;Izmir
TUR;Turkey;TUR.42_1;K. Maras
TUR;Turkey;TUR.43_1;Karabük
TUR;Turkey;TUR.44_1;Karaman
TUR;Turkey;TUR.45_1;Kars
TUR;Turkey;TUR.46_1;Kastamonu
TUR;Turkey;TUR.47_1;Kayseri
TUR;Turkey;TUR.48_1;Kilis
TUR;Turkey;TUR.49_1;Kinkkale
TUR;Turkey;TUR.50_1;Kirklareli
TUR;Turkey;TUR.51_1;Kirsehir
TUR;Turkey;TUR.52_1;Kocaeli
TUR;Turkey;TUR.53_1;Konya
TUR;Turkey;TUR.54_1;Kütahya
TUR;Turkey;TUR.55_1;Malatya
TUR;Turkey;TUR.56_1;Manisa
TUR;Turkey;TUR.57_1;Mardin
TUR;Turkey;TUR.58_1;Mersin
TUR;Turkey;TUR.59_1;Mugla
TUR;Turkey;TUR.60_1;Mus
TUR;Turkey;TUR.61_1;Nevsehir
TUR;Turkey;TUR.62_1;Nigde
TUR;Turkey;TUR.63_1;Ordu
TUR;Turkey;TUR.64_1;Osmaniye
TUR;Turkey;TUR.65_1;Rize
TUR;Turkey;TUR.66_1;Sakarya
TUR;Turkey;TUR.67_1;Samsun
TUR;Turkey;TUR.68_1;Sanliurfa
TUR;Turkey;TUR.69_1;Siirt
TUR;Turkey;TUR.70_1;Sinop
TUR;Turkey;TUR.71_1;Sirnak
TUR;Turkey;TUR.72_1;Sivas
TUR;Turkey;TUR.73_1;Tekirdag
TUR;Turkey;TUR.74_1;Tokat
TUR;Turkey;TUR.75_1;Trabzon
TUR;Turkey;TUR.76_1;Tunceli
TUR;Turkey;TUR.77_1;Usak
TUR;Turkey;TUR.78_1;Van
TUR;Turkey;TUR.79_1;Yalova
TUR;Turkey;TUR.80_1;Yozgat
TUR;Turkey;TUR.81_1;Zinguldak
ARE;United Arab Emirates;ARE.1_1;Abu Dhabi
ARE;United Arab Emirates;ARE.2_1;Ajman
ARE;United Arab Emirates;ARE.3_1;Dubai
ARE;United Arab Emirates;ARE.4_1;Fujairah
ARE;United Arab Emirates;ARE.5_1;Ras Al-Khaimah
ARE;United Arab Emirates;ARE.6_1;Sharjah
ARE;United Arab Emirates;ARE.7_1;Umm al-Qaywayn
USA;United States;USA.1_1;Alabama
USA;United States;USA.2_1;Alaska
USA;United States;USA.3_1;Arizona
USA;United States;USA.4_1;Arkansas
USA;United States;USA.5_1;California
USA;United States;USA.6_1;Colorado
USA;United States;USA.7_1;Connecticut
USA;United States;USA.8_1;Delaware
USA;United States;USA.9_1;District of Columbia
USA;United States;USA.10_1;Florida
USA;United States;USA.11_1;Georgia
USA;United States;USA.12_1;Hawaii
USA;United States;USA.13_1;Idaho
USA;United States;USA.14_1;Illinois
USA;United States;USA.15_1;Indiana
USA;United States;USA.16_1;Iowa
USA;United States;USA.17_1;Kansas
USA;United States;USA.18_1;Kentucky
USA;United States;USA.19_1;Louisiana
USA;United States;USA.20_1;Maine
USA;United States;USA.21_1;Maryland
USA;United States;USA.22_1;Massachusetts
USA;United States;USA.23_1;Michigan
USA;United States;USA.24_1;Minnesota
USA;United States;USA.25_1;Mississippi
USA;United States;USA.26_1;Missouri
USA;United States;USA.27_1;Montana
USA;United States;USA.28_1;Nebraska
USA;United States;USA.29_1;Nevada
USA;United States;USA.30_1;New Hampshire
USA;United States;USA.31_1;New Jersey
USA;United States;USA.32_1;New Mexico
USA;United States;USA.33_1;New York
USA;United States;USA.34_1;North Carolina
USA;United States;USA.35_1;North Dakota
USA;United States;USA.36_1;Ohio
USA;United States;USA.37_1;Oklahoma
USA;United States;USA.38_1;Oregon
USA;United States;USA.39_1;Pennsylvania
USA;United States;USA.40_1;Rhode Island
USA;United States;USA.41_1;South Carolina
USA;United States;USA.42_1;South Dakota
USA;United States;USA.43_1;Tennessee
USA;United States;USA.44_1;Texas
USA;United States;USA.45_1;Utah
USA;United States;USA.46_1;Vermont
USA;United States;USA.47_1;Virginia
USA;United States;USA.48_1;Washington
USA;United States;USA.49_1;West Virginia
USA;United States;USA.50_1;Wisconsin
USA;United States;USA.51_1;Wyoming
URY;Uruguay;URY.1_1;Artigas
URY;Uruguay;URY.2_1;Canelones
URY;Uruguay;URY.3_1;Cerro Largo
URY;Uruguay;URY.4_1;Colonia
URY;Uruguay;URY.5_1;Durazno
URY;Uruguay;URY.6_1;Flores
URY;Uruguay;URY.7_1;Florida
URY;Uruguay;URY.8_1;Lavalleja
URY;Uruguay;URY.9_1;Maldonado
URY;Uruguay;URY.10_1;Montevideo
URY;Uruguay;URY.11_1;Paysandú
URY;Uruguay;URY.12_1;Río Negro
URY;Uruguay;URY.13_1;Rivera
URY;Uruguay;URY.14_1;Rocha
URY;Uruguay;URY.15_1;Salto
URY;Uruguay;URY.16_1;San José
URY;Uruguay;URY.17_1;Soriano
URY;Uruguay;URY.18_1;Tacuarembó
URY;Uruguay;URY.19_1;Treinta y Tres
VEN;Venezuela;VEN.1_1;Amazonas
VEN;Venezuela;VEN.2_1;Anzoátegui
VEN;Venezuela;VEN.3_1;Apure
VEN;Venezuela;VEN.4_1;Aragua
VEN;Venezuela;VEN.5_1;Barinas
VEN;Venezuela;VEN.6_1;Bolívar
VEN;Venezuela;VEN.7_1;Carabobo
VEN;Venezuela;VEN.8_1;Cojedes
VEN;Venezuela;VEN.9_1;Delta Amacuro
VEN;Venezuela;VEN.10_1;Dependencias Federales
VEN;Venezuela;VEN.11_1;Distrito Capital
VEN;Venezuela;VEN.12_1;Falcón
VEN;Venezuela;VEN.13_1;Guárico
VEN;Venezuela;VEN.14_1;Lara
VEN;Venezuela;VEN.15_1;Mérida
VEN;Venezuela;VEN.16_1;Miranda
VEN;Venezuela;VEN.17_1;Monagas
VEN;Venezuela;VEN.18_1;Nueva Esparta
VEN;Venezuela;VEN.19_1;Portuguesa
VEN;Venezuela;VEN.20_1;Sucre
VEN;Venezuela;VEN.21_1;Táchira
VEN;Venezuela;VEN.22_1;Trujillo
VEN;Venezuela;VEN.23_1;Vargas
VEN;Venezuela;VEN.24_1;Yaracuy
VEN;Venezuela;VEN.25_1;Zulia
GUF;French Guiana;GUF.1_1;Cayenne
GUF;French Guiana;GUF.2_1;Saint-Laurent-du-Maroni
GMB;Gambia;GMB.1_1;Banjul
GMB;Gambia;GMB.2_1;Lower River
GMB;Gambia;GMB.3_1;Maccarthy Island
GMB;Gambia;GMB.4_1;North Bank
GMB;Gambia;GMB.5_1;Upper River
GMB;Gambia;GMB.6_1;Western
GHA;Ghana;GHA.1_1;Ashanti
GHA;Ghana;GHA.2_1;Brong Ahafo
GHA;Ghana;GHA.3_1;Central
GHA;Ghana;GHA.4_1;Eastern
GHA;Ghana;GHA.5_1;Greater Accra
GHA;Ghana;GHA.6_1;Northern
GHA;Ghana;GHA.7_1;Upper East
GHA;Ghana;GHA.8_1;Upper West
GHA;Ghana;GHA.9_1;Volta
GHA;Ghana;GHA.10_1;Western
GUY;Guyana;GUY.1_1;Barima-Waini
GUY;Guyana;GUY.2_1;Cuyuni-Mazaruni
GUY;Guyana;GUY.3_1;Demerara-Mahaica
GUY;Guyana;GUY.4_1;East Berbice-Corentyne
GUY;Guyana;GUY.5_1;Essequibo Islands-West Demerara
GUY;Guyana;GUY.6_1;Mahaica-Berbice
GUY;Guyana;GUY.7_1;Pomeroon-Supenaam
GUY;Guyana;GUY.8_1;Potaro-Siparuni
GUY;Guyana;GUY.9_1;Upper Demerara-Berbice
GUY;Guyana;GUY.10_1;Upper Takutu-Upper Essequibo
IND;India;IND.1_1;Andaman and Nicobar
IND;India;IND.2_1;Andhra Pradesh
IND;India;IND.3_1;Arunachal Pradesh
IND;India;IND.4_1;Assam
IND;India;IND.5_1;Bihar
IND;India;IND.6_1;Chandigarh
IND;India;IND.7_1;Chhattisgarh
IND;India;IND.8_1;Dadra and Nagar Haveli
IND;India;IND.9_1;Daman and Diu
IND;India;IND.10_1;Goa
IND;India;IND.11_1;Gujarat
IND;India;IND.12_1;Haryana
IND;India;IND.13_1;Himachal Pradesh
IND;India;IND.14_1;Jammu and Kashmir
IND;India;IND.15_1;Jharkhand
IND;India;IND.16_1;Karnataka
IND;India;IND.17_1;Kerala
IND;India;IND.18_1;Lakshadweep
IND;India;IND.19_1;Madhya Pradesh
IND;India;IND.20_1;Maharashtra
IND;India;IND.21_1;Manipur
IND;India;IND.22_1;Meghalaya
IND;India;IND.23_1;Mizoram
IND;India;IND.24_1;Nagaland
IND;India;IND.25_1;NCT of Delhi
IND;India;IND.26_1;Odisha
IND;India;IND.27_1;Puducherry
IND;India;IND.28_1;Punjab
IND;India;IND.29_1;Rajasthan
IND;India;IND.30_1;Sikkim
IND;India;IND.31_1;Tamil Nadu
IND;India;IND.32_1;Telangana
IND;India;IND.33_1;Tripura
IND;India;IND.34_1;Uttar Pradesh
IND;India;IND.35_1;Uttarakhand
IND;India;IND.36_1;West Bengal
IDN;Indonesia;IDN.1_1;Aceh
IDN;Indonesia;IDN.2_1;Bali
IDN;Indonesia;IDN.3_1;Bangka Belitung
IDN;Indonesia;IDN.4_1;Banten
IDN;Indonesia;IDN.5_1;Bengkulu
IDN;Indonesia;IDN.6_1;Gorontalo
IDN;Indonesia;IDN.7_1;Jakarta Raya
IDN;Indonesia;IDN.8_1;Jambi
IDN;Indonesia;IDN.9_1;Jawa Barat
IDN;Indonesia;IDN.10_1;Jawa Tengah
IDN;Indonesia;IDN.11_1;Jawa Timur
IDN;Indonesia;IDN.12_1;Kalimantan Barat
IDN;Indonesia;IDN.13_1;Kalimantan Selatan
IDN;Indonesia;IDN.14_1;Kalimantan Tengah
IDN;Indonesia;IDN.15_1;Kalimantan Timur
IDN;Indonesia;IDN.16_1;Kepulauan Riau
IDN;Indonesia;IDN.17_1;Lampung
IDN;Indonesia;IDN.18_1;Maluku Utara
IDN;Indonesia;IDN.19_1;Maluku
IDN;Indonesia;IDN.20_1;Nusa Tenggara Barat
IDN;Indonesia;IDN.21_1;Nusa Tenggara Timur
IDN;Indonesia;IDN.22_1;Papua Barat
IDN;Indonesia;IDN.23_1;Papua
IDN;Indonesia;IDN.24_1;Riau
IDN;Indonesia;IDN.25_1;Sulawesi Barat
IDN;Indonesia;IDN.26_1;Sulawesi Selatan
IDN;Indonesia;IDN.27_1;Sulawesi Tengah
IDN;Indonesia;IDN.28_1;Sulawesi Tenggara
IDN;Indonesia;IDN.29_1;Sulawesi Utara
IDN;Indonesia;IDN.30_1;Sumatera Barat
IDN;Indonesia;IDN.31_1;Sumatera Selatan
IDN;Indonesia;IDN.32_1;Sumatera Utara
IDN;Indonesia;IDN.33_1;Yogyakarta
IRN;Iran;IRN.1_1;Alborz
IRN;Iran;IRN.2_1;Ardebil
IRN;Iran;IRN.3_1;Bushehr
IRN;Iran;IRN.4_1;Chahar Mahall and Bakhtiari
IRN;Iran;IRN.5_1;East Azarbaijan
IRN;Iran;IRN.6_1;Esfahan
IRN;Iran;IRN.7_1;Fars
IRN;Iran;IRN.8_1;Gilan
IRN;Iran;IRN.9_1;Golestan
IRN;Iran;IRN.10_1;Hamadan
IRN;Iran;IRN.11_1;Hormozgan
IRN;Iran;IRN.12_1;Ilam
IRN;Iran;IRN.13_1;Kerman
IRN;Iran;IRN.14_1;Kermanshah
IRN;Iran;IRN.15_1;Khuzestan
IRN;Iran;IRN.16_1;Kohgiluyeh and Buyer Ahmad
IRN;Iran;IRN.17_1;Kordestan
IRN;Iran;IRN.18_1;Lorestan
IRN;Iran;IRN.19_1;Markazi
IRN;Iran;IRN.20_1;Mazandaran
IRN;Iran;IRN.21_1;North Khorasan
IRN;Iran;IRN.22_1;Qazvin
IRN;Iran;IRN.23_1;Qom
IRN;Iran;IRN.24_1;Razavi Khorasan
IRN;Iran;IRN.25_1;Semnan
IRN;Iran;IRN.26_1;Sistan and Baluchestan
IRN;Iran;IRN.27_1;South Khorasan
IRN;Iran;IRN.28_1;Tehran
IRN;Iran;IRN.29_1;West Azarbaijan
IRN;Iran;IRN.30_1;Yazd
IRN;Iran;IRN.31_1;Zanjan
IRQ;Iraq;IRQ.1_1;Al-Anbar
IRQ;Iraq;IRQ.2_1;Al-Basrah
IRQ;Iraq;IRQ.3_1;Al-Muthannia
IRQ;Iraq;IRQ.4_1;Al-Qadisiyah
IRQ;Iraq;IRQ.5_1;An-Najaf
IRQ;Iraq;IRQ.6_1;Arbil
IRQ;Iraq;IRQ.7_1;As-Sulaymaniyah
IRQ;Iraq;IRQ.8_1;At-Ta'mim
IRQ;Iraq;IRQ.9_1;Babil
IRQ;Iraq;IRQ.10_1;Baghdad
IRQ;Iraq;IRQ.11_1;Dhi-Qar
IRQ;Iraq;IRQ.12_1;Dihok
IRQ;Iraq;IRQ.13_1;Diyala
IRQ;Iraq;IRQ.14_1;Karbala'
IRQ;Iraq;IRQ.15_1;Maysan
IRQ;Iraq;IRQ.16_1;Ninawa
IRQ;Iraq;IRQ.17_1;Sala ad-Din
IRQ;Iraq;IRQ.18_1;Wasit
ISR;Israel;ISR.1_1;Golan
ISR;Israel;ISR.2_1;HaDarom
ISR;Israel;ISR.3_1;Haifa
ISR;Israel;ISR.4_1;HaMerkaz
ISR;Israel;ISR.5_1;HaZafon
ISR;Israel;ISR.6_1;Jerusalem
ISR;Israel;ISR.7_1;Tel Aviv
JPN;Japan;JPN.1_1;Aichi
JPN;Japan;JPN.2_1;Akita
JPN;Japan;JPN.3_1;Aomori
JPN;Japan;JPN.4_1;Chiba
JPN;Japan;JPN.5_1;Ehime
JPN;Japan;JPN.6_1;Fukui
JPN;Japan;JPN.7_1;Fukuoka
JPN;Japan;JPN.8_1;Fukushima
JPN;Japan;JPN.9_1;Gifu
JPN;Japan;JPN.10_1;Gunma
JPN;Japan;JPN.11_1;Hiroshima
JPN;Japan;JPN.12_1;Hokkaido
JPN;Japan;JPN.13_1;Hyōgo
JPN;Japan;JPN.14_1;Ibaraki
JPN;Japan;JPN.15_1;Ishikawa
JPN;Japan;JPN.16_1;Iwate
JPN;Japan;JPN.17_1;Kagawa
JPN;Japan;JPN.18_1;Kagoshima
JPN;Japan;JPN.19_1;Kanagawa
JPN;Japan;JPN.20_1;Kochi
JPN;Japan;JPN.21_1;Kumamoto
JPN;Japan;JPN.22_1;Kyoto
JPN;Japan;JPN.23_1;Mie
JPN;Japan;JPN.24_1;Miyagi
JPN;Japan;JPN.25_1;Miyazaki
JPN;Japan;JPN.26_1;Nagano
JPN;Japan;JPN.27_1;Naoasaki
JPN;Japan;JPN.28_1;Nara
JPN;Japan;JPN.29_1;Niigata
JPN;Japan;JPN.30_1;Oita
JPN;Japan;JPN.31_1;Okayama
JPN;Japan;JPN.32_1;Okinawa
JPN;Japan;JPN.33_1;Osaka
JPN;Japan;JPN.34_1;Saga
JPN;Japan;JPN.35_1;Saitama
JPN;Japan;JPN.36_1;Shiga
JPN;Japan;JPN.37_1;Shimane
JPN;Japan;JPN.38_1;Shizuoka
JPN;Japan;JPN.39_1;Tochigi
JPN;Japan;JPN.40_1;Tokushima
JPN;Japan;JPN.41_1;Tokyo
JPN;Japan;JPN.42_1;Tottori
JPN;Japan;JPN.43_1;Toyama
JPN;Japan;JPN.44_1;Wakayama
JPN;Japan;JPN.45_1;Yamagata
JPN;Japan;JPN.46_1;Yamaguchi
JPN;Japan;JPN.47_1;Yamanashi
KEN;Kenya;KEN.1_1;Baringo
KEN;Kenya;KEN.2_1;Bomet
KEN;Kenya;KEN.3_1;Bungoma
KEN;Kenya;KEN.4_1;Busia
KEN;Kenya;KEN.5_1;Elgeyo-Marakwet
KEN;Kenya;KEN.6_1;Embu
KEN;Kenya;KEN.7_1;Garissa
KEN;Kenya;KEN.8_1;Homa Bay
KEN;Kenya;KEN.9_1;Isiolo
KEN;Kenya;KEN.10_1;Kajiado
KEN;Kenya;KEN.11_1;Kakamega
KEN;Kenya;KEN.12_1;Kericho
KEN;Kenya;KEN.13_1;Kiambu
KEN;Kenya;KEN.14_1;Kilifi
KEN;Kenya;KEN.15_1;Kirinyaga
KEN;Kenya;KEN.16_1;Kisii
KEN;Kenya;KEN.17_1;Kisumu
KEN;Kenya;KEN.18_1;Kitui
KEN;Kenya;KEN.19_1;Kwale
KEN;Kenya;KEN.20_1;Laikipia
KEN;Kenya;KEN.21_1;Lamu
KEN;Kenya;KEN.22_1;Machakos
KEN;Kenya;KEN.23_1;Makueni
KEN;Kenya;KEN.24_1;Mandera
KEN;Kenya;KEN.25_1;Marsabit
KEN;Kenya;KEN.26_1;Meru
KEN;Kenya;KEN.27_1;Migori
KEN;Kenya;KEN.28_1;Mombasa
KEN;Kenya;KEN.29_1;Murang'a
KEN;Kenya;KEN.30_1;Nairobi
KEN;Kenya;KEN.31_1;Nakuru
KEN;Kenya;KEN.32_1;Nandi
KEN;Kenya;KEN.33_1;Narok
KEN;Kenya;KEN.34_1;Nyamira
KEN;Kenya;KEN.35_1;Nyandarua
KEN;Kenya;KEN.36_1;Nyeri
KEN;Kenya;KEN.37_1;Samburu
KEN;Kenya;KEN.38_1;Siaya
KEN;Kenya;KEN.39_1;Taita Taveta
KEN;Kenya;KEN.40_1;Tana River
KEN;Kenya;KEN.41_1;Tharaka-Nithi
KEN;Kenya;KEN.42_1;Trans Nzoia
KEN;Kenya;KEN.43_1;Turkana
KEN;Kenya;KEN.44_1;Uasin Gishu
KEN;Kenya;KEN.45_1;Vihiga
KEN;Kenya;KEN.46_1;Wajir
KEN;Kenya;KEN.47_1;West Pokot
LBN;Lebanon;LBN.1_1;Akkar
LBN;Lebanon;LBN.2_1;Baalbak - Hermel
LBN;Lebanon;LBN.3_1;Beirut
LBN;Lebanon;LBN.4_1;Bekaa
LBN;Lebanon;LBN.5_1;Mount Lebanon
LBN;Lebanon;LBN.6_1;Nabatiyeh
LBN;Lebanon;LBN.7_1;North
LBN;Lebanon;LBN.8_1;South
MYS;Malaysia;MYS.1_1;Johor
MYS;Malaysia;MYS.2_1;Kedah
MYS;Malaysia;MYS.3_1;Kelantan
MYS;Malaysia;MYS.4_1;Kuala Lumpur
MYS;Malaysia;MYS.5_1;Labuan
MYS;Malaysia;MYS.6_1;Melaka
MYS;Malaysia;MYS.7_1;Negeri Sembilan
MYS;Malaysia;MYS.8_1;Pahang
MYS;Malaysia;MYS.9_1;Perak
MYS;Malaysia;MYS.10_1;Perlis
MYS;Malaysia;MYS.11_1;Pulau Pinang
MYS;Malaysia;MYS.12_1;Putrajaya
MYS;Malaysia;MYS.13_1;Sabah
MYS;Malaysia;MYS.14_1;Sarawak
MYS;Malaysia;MYS.15_1;Selangor
MYS;Malaysia;MYS.16_1;Trengganu
MEX;Mexico;MEX.1_1;Aguascalientes
MEX;Mexico;MEX.2_1;Baja California Sur
MEX;Mexico;MEX.3_1;Baja California
MEX;Mexico;MEX.4_1;Campeche
MEX;Mexico;MEX.5_1;Chiapas
MEX;Mexico;MEX.6_1;Chihuahua
MEX;Mexico;MEX.7_1;Coahuila
MEX;Mexico;MEX.8_1;Colima
MEX;Mexico;MEX.9_1;Distrito Federal
MEX;Mexico;MEX.10_1;Durango
MEX;Mexico;MEX.11_1;Guanajuato
MEX;Mexico;MEX.12_1;Guerrero
MEX;Mexico;MEX.13_1;Hidalgo
MEX;Mexico;MEX.14_1;Jalisco
MEX;Mexico;MEX.15_1;México
MEX;Mexico;MEX.16_1;Michoacán
MEX;Mexico;MEX.17_1;Morelos
MEX;Mexico;MEX.18_1;Nayarit
MEX;Mexico;MEX.19_1;Nuevo León
MEX;Mexico;MEX.20_1;Oaxaca
MEX;Mexico;MEX.21_1;Puebla
MEX;Mexico;MEX.22_1;Querétaro
MEX;Mexico;MEX.23_1;Quintana Roo
MEX;Mexico;MEX.24_1;San Luis Potosí
MEX;Mexico;MEX.25_1;Sinaloa
MEX;Mexico;MEX.26_1;Sonora
MEX;Mexico;MEX.27_1;Tabasco
MEX;Mexico;MEX.28_1;Tamaulipas
MEX;Mexico;MEX.29_1;Tlaxcala
MEX;Mexico;MEX.30_1;Veracruz
MEX;Mexico;MEX.31_1;Yucatán
MEX;Mexico;MEX.32_1;Zacatecas
MAR;Morocco;MAR.1_1;Chaouia - Ouardigha
MAR;Morocco;MAR.2_1;Doukkala - Abda
MAR;Morocco;MAR.3_1;Fès - Boulemane
MAR;Morocco;MAR.4_1;Gharb - Chrarda - Béni Hssen
MAR;Morocco;MAR.5_1;Grand Casablanca
MAR;Morocco;MAR.6_1;Guelmim - Es-Semara
MAR;Morocco;MAR.7_1;Laâyoune - Boujdour - Sakia El Hamra
MAR;Morocco;MAR.8_1;Marrakech - Tensift - Al Haouz
MAR;Morocco;MAR.9_1;Meknès - Tafilalet
MAR;Morocco;MAR.10_1;Oriental
MAR;Morocco;MAR.11_1;Rabat - Salé - Zemmour - Zaer
MAR;Morocco;MAR.12_1;Souss - Massa - Draâ
MAR;Morocco;MAR.13_1;Tadla - Azilal
MAR;Morocco;MAR.14_1;Tanger - Tétouan
MAR;Morocco;MAR.15_1;Taza - Al Hoceima - Taounate
NZL;New Zealand;NZL.1_1;Auckland
NZL;New Zealand;NZL.2_1;Bay of Plenty
NZL;New Zealand;NZL.3_1;Canterbury
NZL;New Zealand;NZL.4_1;Chatham Islands
NZL;New Zealand;NZL.5_1;Gisborne
NZL;New Zealand;NZL.6_1;Hawke's Bay
NZL;New Zealand;NZL.7_1;Manawatu-Wanganui
NZL;New Zealand;NZL.8_1;Marlborough
NZL;New Zealand;NZL.9_1;Nelson
NZL;New Zealand;NZL.10_1;Northern Islands
NZL;New Zealand;NZL.11_1;Northland
NZL;New Zealand;NZL.12_1;Otago
NZL;New Zealand;NZL.13_1;Southern Islands
NZL;New Zealand;NZL.14_1;Southland
NZL;New Zealand;NZL.15_1;Taranaki
NZL;New Zealand;NZL.16_1;Tasman
NZL;New Zealand;NZL.17_1;Waikato
NZL;New Zealand;NZL.18_1;Wellington
NZL;New Zealand;NZL.19_1;West Coast
NER;Niger;NER.1_1;Agadez
NER;Niger;NER.2_1;Diffa
NER;Niger;NER.3_1;Dosso
NGA;Nigeria;NGA.1_1;Abia
NGA;Nigeria;NGA.2_1;Adamawa
NGA;Nigeria;NGA.3_1;Akwa Ibom
NGA;Nigeria;NGA.4_1;Anambra
NGA;Nigeria;NGA.5_1;Bauchi
NGA;Nigeria;NGA.6_1;Bayelsa
NGA;Nigeria;NGA.7_1;Benue
NGA;Nigeria;NGA.8_1;Borno
NGA;Nigeria;NGA.9_1;Cross River
NGA;Nigeria;NGA.10_1;Delta
NGA;Nigeria;NGA.11_1;Ebonyi
NGA;Nigeria;NGA.12_1;Edo
NGA;Nigeria;NGA.13_1;Ekiti
NGA;Nigeria;NGA.14_1;Enugu
NGA;Nigeria;NGA.15_1;Federal Capital Territory
NGA;Nigeria;NGA.16_1;Gombe
NGA;Nigeria;NGA.17_1;Imo
NGA;Nigeria;NGA.18_1;Jigawa
NGA;Nigeria;NGA.19_1;Kaduna
NGA;Nigeria;NGA.20_1;Kano
NGA;Nigeria;NGA.21_1;Katsina
NGA;Nigeria;NGA.22_1;Kebbi
NGA;Nigeria;NGA.23_1;Kogi
NGA;Nigeria;NGA.24_1;Kwara
NGA;Nigeria;NGA.25_1;Lagos
NGA;Nigeria;NGA.26_1;Nassarawa
NGA;Nigeria;NGA.27_1;Niger
NGA;Nigeria;NGA.28_1;Ogun
NGA;Nigeria;NGA.29_1;Ondo
NGA;Nigeria;NGA.30_1;Osun
NGA;Nigeria;NGA.31_1;Oyo
NGA;Nigeria;NGA.32_1;Plateau
NGA;Nigeria;NGA.33_1;Rivers
NGA;Nigeria;NGA.34_1;Sokoto
NGA;Nigeria;NGA.35_1;Taraba
NGA;Nigeria;NGA.36_1;Yobe
NGA;Nigeria;NGA.37_1;Zamfara
NER;Niger;NER.4_1;Maradi
NER;Niger;NER.5_1;Niamey
NER;Niger;NER.6_1;Tahoua
NER;Niger;NER.7_1;Tillabéry
NER;Niger;NER.8_1;Zinder
PAK;Pakistan;PAK.1_1;Azad Kashmir
PAK;Pakistan;PAK.2_1;Baluchistan
PAK;Pakistan;PAK.3_1;F.A.T.A.
PAK;Pakistan;PAK.4_1;F.C.T.
PAK;Pakistan;PAK.5_1;N.W.F.P.
PAK;Pakistan;PAK.6_1;Northern Areas
PAK;Pakistan;PAK.7_1;Punjab
PAK;Pakistan;PAK.8_1;Sind
PAN;Panama;PAN.1_1;Bocas del Toro
PAN;Panama;PAN.2_1;Chiriquí
PAN;Panama;PAN.3_1;Coclé
PAN;Panama;PAN.4_1;Colón
PAN;Panama;PAN.5_1;Darién
PAN;Panama;PAN.6_1;Emberá
PAN;Panama;PAN.7_1;Herrera
PAN;Panama;PAN.8_1;Kuna Yala
PAN;Panama;PAN.9_1;Los Santos
PAN;Panama;PAN.10_1;Ngöbe Buglé
PAN;Panama;PAN.11_1;Panamá Oeste
PAN;Panama;PAN.12_1;Panamá
PAN;Panama;PAN.13_1;Veraguas
PRY;Paraguay;PRY.1_1;Alto Paraguay
PRY;Paraguay;PRY.2_1;Alto Paraná
PRY;Paraguay;PRY.3_1;Amambay
PRY;Paraguay;PRY.4_1;Asunción
PRY;Paraguay;PRY.5_1;Boquerón
PRY;Paraguay;PRY.6_1;Caaguazú
PRY;Paraguay;PRY.7_1;Caazapá
PRY;Paraguay;PRY.8_1;Canindeyú
PRY;Paraguay;PRY.9_1;Central
PRY;Paraguay;PRY.10_1;Concepción
PRY;Paraguay;PRY.11_1;Cordillera
PRY;Paraguay;PRY.12_1;Guairá
PRY;Paraguay;PRY.13_1;Itapúa
PRY;Paraguay;PRY.14_1;Misiones
PRY;Paraguay;PRY.15_1;Ñeembucú
PRY;Paraguay;PRY.16_1;Paraguarí
PRY;Paraguay;PRY.17_1;Presidente Hayes
PRY;Paraguay;PRY.18_1;San Pedro
PER;Peru;PER.1_1;Amazonas
PER;Peru;PER.2_1;Ancash
PER;Peru;PER.3_1;Apurímac
PER;Peru;PER.4_1;Arequipa
PER;Peru;PER.5_1;Ayacucho
PER;Peru;PER.6_1;Cajamarca
PER;Peru;PER.7_1;Callao
PER;Peru;PER.8_1;Cusco
PER;Peru;PER.9_1;Huancavelica
PER;Peru;PER.10_1;Huánuco
PER;Peru;PER.11_1;Ica
PER;Peru;PER.12_1;Junín
PER;Peru;PER.13_1;La Libertad
PER;Peru;PER.14_1;Lambayeque
PER;Peru;PER.15_1;Lima Province
PER;Peru;PER.16_1;Lima
PER;Peru;PER.17_1;Loreto
PER;Peru;PER.18_1;Madre de Dios
PER;Peru;PER.19_1;Moquegua
PER;Peru;PER.20_1;Pasco
PER;Peru;PER.21_1;Piura
PER;Peru;PER.22_1;Puno
PER;Peru;PER.23_1;San Martín
PER;Peru;PER.24_1;Tacna
PER;Peru;PER.25_1;Tumbes
PER;Peru;PER.26_1;Ucayali
PHL;Philippines;PHL.1_1;Abra
PHL;Philippines;PHL.2_1;Agusan del Norte
PHL;Philippines;PHL.3_1;Agusan del Sur
PHL;Philippines;PHL.4_1;Aklan
PHL;Philippines;PHL.5_1;Albay
PHL;Philippines;PHL.6_1;Antique
PHL;Philippines;PHL.7_1;Apayao
PHL;Philippines;PHL.8_1;Aurora
PHL;Philippines;PHL.9_1;Basilan
PHL;Philippines;PHL.10_1;Bataan
PHL;Philippines;PHL.11_1;Batanes
PHL;Philippines;PHL.12_1;Batangas
PHL;Philippines;PHL.13_1;Benguet
PHL;Philippines;PHL.14_1;Biliran
PHL;Philippines;PHL.15_1;Bohol
PHL;Philippines;PHL.16_1;Bukidnon
PHL;Philippines;PHL.17_1;Bulacan
PHL;Philippines;PHL.18_1;Cagayan
PHL;Philippines;PHL.19_1;Camarines Norte
PHL;Philippines;PHL.20_1;Camarines Sur
PHL;Philippines;PHL.21_1;Camiguin
PHL;Philippines;PHL.22_1;Capiz
PHL;Philippines;PHL.23_1;Catanduanes
PHL;Philippines;PHL.24_1;Cavite
PHL;Philippines;PHL.25_1;Cebu
PHL;Philippines;PHL.26_1;Compostela Valley
PHL;Philippines;PHL.27_1;Davao del Norte
PHL;Philippines;PHL.28_1;Davao del Sur
PHL;Philippines;PHL.29_1;Davao Oriental
PHL;Philippines;PHL.30_1;Dinagat Islands
PHL;Philippines;PHL.31_1;Eastern Samar
PHL;Philippines;PHL.32_1;Guimaras
PHL;Philippines;PHL.33_1;Ifugao
PHL;Philippines;PHL.34_1;Ilocos Norte
PHL;Philippines;PHL.35_1;Ilocos Sur
PHL;Philippines;PHL.36_1;Iloilo
PHL;Philippines;PHL.37_1;Isabela
PHL;Philippines;PHL.38_1;Kalinga
PHL;Philippines;PHL.39_1;La Union
PHL;Philippines;PHL.40_1;Laguna
PHL;Philippines;PHL.41_1;Lanao del Norte
PHL;Philippines;PHL.42_1;Lanao del Sur
PHL;Philippines;PHL.43_1;Leyte
PHL;Philippines;PHL.44_1;Maguindanao
PHL;Philippines;PHL.45_1;Marinduque
PHL;Philippines;PHL.46_1;Masbate
PHL;Philippines;PHL.47_1;Metropolitan Manila
PHL;Philippines;PHL.48_1;Misamis Occidental
PHL;Philippines;PHL.49_1;Misamis Oriental
PHL;Philippines;PHL.50_1;Mountain Province
PHL;Philippines;PHL.51_1;Negros Occidental
PHL;Philippines;PHL.52_1;Negros Oriental
PHL;Philippines;PHL.53_1;North Cotabato
PHL;Philippines;PHL.54_1;Northern Samar
PHL;Philippines;PHL.55_1;Nueva Ecija
PHL;Philippines;PHL.56_1;Nueva Vizcaya
PHL;Philippines;PHL.57_1;Occidental Mindoro
PHL;Philippines;PHL.58_1;Oriental Mindoro
PHL;Philippines;PHL.59_1;Palawan
PHL;Philippines;PHL.60_1;Pampanga
PHL;Philippines;PHL.61_1;Pangasinan
PHL;Philippines;PHL.62_1;Quezon
PHL;Philippines;PHL.63_1;Quirino
PHL;Philippines;PHL.64_1;Rizal
PHL;Philippines;PHL.65_1;Romblon
PHL;Philippines;PHL.66_1;Samar
PHL;Philippines;PHL.67_1;Sarangani
PHL;Philippines;PHL.68_1;Siquijor
PHL;Philippines;PHL.69_1;Sorsogon
PHL;Philippines;PHL.70_1;South Cotabato
PHL;Philippines;PHL.71_1;Southern Leyte
PHL;Philippines;PHL.72_1;Sultan Kudarat
PHL;Philippines;PHL.73_1;Sulu
PHL;Philippines;PHL.74_1;Surigao del Norte
PHL;Philippines;PHL.75_1;Surigao del Sur
PHL;Philippines;PHL.76_1;Tarlac
PHL;Philippines;PHL.77_1;Tawi-Tawi
PHL;Philippines;PHL.78_1;Zambales
PHL;Philippines;PHL.79_1;Zamboanga del Norte
PHL;Philippines;PHL.80_1;Zamboanga del Sur
PHL;Philippines;PHL.81_1;Zamboanga Sibugay
