"","state","site","date","dailycases","note"
"1","Ireland","Carlow",2020-02-27,0,"NA"
"2","Ireland","Carlow",2020-03-01,0,"NA"
"3","Ireland","Carlow",2020-03-02,0,"NA"
"4","Ireland","Carlow",2020-03-03,0,"NA"
"5","Ireland","Carlow",2020-03-04,0,"NA"
"6","Ireland","Carlow",2020-03-05,0,"NA"
"7","Ireland","Carlow",2020-03-06,0,"NA"
"8","Ireland","Carlow",2020-03-07,0,"NA"
"9","Ireland","Carlow",2020-03-08,0,"NA"
"10","Ireland","Carlow",2020-03-09,0,"NA"
"11","Ireland","Carlow",2020-03-10,0,"NA"
"12","Ireland","Carlow",2020-03-11,0,"NA"
"13","Ireland","Carlow",2020-03-12,0,"NA"
"14","Ireland","Carlow",2020-03-13,0,"NA"
"15","Ireland","Carlow",2020-03-14,0,"NA"
"16","Ireland","Carlow",2020-03-15,0,"NA"
"17","Ireland","Carlow",2020-03-16,0,"NA"
"18","Ireland","Carlow",2020-03-17,0,"NA"
"19","Ireland","Carlow",2020-03-18,0,"NA"
"20","Ireland","Carlow",2020-03-19,0,"NA"
"21","Ireland","Carlow",2020-03-20,0,"NA"
"22","Ireland","Carlow",2020-03-21,3,"NA"
"23","Ireland","Carlow",2020-03-22,0,"NA"
"24","Ireland","Carlow",2020-03-23,0,"NA"
"25","Ireland","Carlow",2020-03-24,0,"NA"
"26","Ireland","Carlow",2020-03-25,0,"NA"
"27","Ireland","Carlow",2020-03-26,0,"NA"
"28","Ireland","Carlow",2020-03-27,0,"NA"
"29","Ireland","Carlow",2020-03-28,0,"NA"
"30","Ireland","Carlow",2020-03-29,0,"NA"
"31","Ireland","Carlow",2020-03-30,0,"NA"
"32","Ireland","Carlow",2020-03-31,0,"NA"
"33","Ireland","Carlow",2020-04-01,0,"NA"
"34","Ireland","Carlow",2020-04-02,3,"NA"
"35","Ireland","Carlow",2020-04-03,6,"NA"
"36","Ireland","Carlow",2020-04-04,0,"NA"
"37","Ireland","Carlow",2020-04-05,0,"NA"
"38","Ireland","Carlow",2020-04-06,3,"NA"
"39","Ireland","Carlow",2020-04-07,1,"NA"
"40","Ireland","Carlow",2020-04-08,3,"NA"
"41","Ireland","Carlow",2020-04-09,3,"NA"
"42","Ireland","Carlow",2020-04-10,10,"NA"
"43","Ireland","Carlow",2020-04-11,6,"NA"
"44","Ireland","Carlow",2020-04-12,6,"NA"
"45","Ireland","Carlow",2020-04-13,9,"NA"
"46","Ireland","Carlow",2020-04-14,6,"NA"
"47","Ireland","Carlow",2020-04-15,0,"NA"
"48","Ireland","Carlow",2020-04-16,10,"NA"
"49","Ireland","Carlow",2020-04-17,2,"NA"
"50","Ireland","Carlow",2020-04-18,7,"NA"
"51","Ireland","Carlow",2020-04-19,1,"NA"
"52","Ireland","Carlow",2020-04-20,1,"NA"
"53","Ireland","Carlow",2020-04-21,4,"NA"
"54","Ireland","Carlow",2020-04-22,2,"NA"
"55","Ireland","Carlow",2020-04-23,2,"NA"
"56","Ireland","Carlow",2020-04-24,3,"NA"
"57","Ireland","Carlow",2020-04-25,1,"NA"
"58","Ireland","Carlow",2020-04-26,1,"NA"
"59","Ireland","Carlow",2020-04-27,2,"NA"
"60","Ireland","Carlow",2020-04-28,0,"NA"
"61","Ireland","Carlow",2020-04-29,5,"NA"
"62","Ireland","Carlow",2020-04-30,0,"NA"
"63","Ireland","Carlow",2020-05-01,26,"NA"
"64","Ireland","Carlow",2020-05-02,1,"NA"
"65","Ireland","Carlow",2020-05-03,0,"NA"
"66","Ireland","Carlow",2020-05-04,5,"NA"
"67","Ireland","Cavan",2020-02-27,0,"NA"
"68","Ireland","Cavan",2020-03-01,0,"NA"
"69","Ireland","Cavan",2020-03-02,0,"NA"
"70","Ireland","Cavan",2020-03-03,0,"NA"
"71","Ireland","Cavan",2020-03-04,0,"NA"
"72","Ireland","Cavan",2020-03-05,0,"NA"
"73","Ireland","Cavan",2020-03-06,0,"NA"
"74","Ireland","Cavan",2020-03-07,0,"NA"
"75","Ireland","Cavan",2020-03-08,0,"NA"
"76","Ireland","Cavan",2020-03-09,0,"NA"
"77","Ireland","Cavan",2020-03-10,0,"NA"
"78","Ireland","Cavan",2020-03-11,0,"NA"
"79","Ireland","Cavan",2020-03-12,0,"NA"
"80","Ireland","Cavan",2020-03-13,0,"NA"
"81","Ireland","Cavan",2020-03-14,0,"NA"
"82","Ireland","Cavan",2020-03-15,0,"NA"
"83","Ireland","Cavan",2020-03-16,0,"NA"
"84","Ireland","Cavan",2020-03-17,0,"NA"
"85","Ireland","Cavan",2020-03-18,0,"NA"
"86","Ireland","Cavan",2020-03-19,0,"NA"
"87","Ireland","Cavan",2020-03-20,0,"NA"
"88","Ireland","Cavan",2020-03-21,3,"NA"
"89","Ireland","Cavan",2020-03-22,2,"NA"
"90","Ireland","Cavan",2020-03-23,0,"NA"
"91","Ireland","Cavan",2020-03-24,1,"NA"
"92","Ireland","Cavan",2020-03-25,3,"NA"
"93","Ireland","Cavan",2020-03-26,2,"NA"
"94","Ireland","Cavan",2020-03-27,8,"NA"
"95","Ireland","Cavan",2020-03-28,5,"NA"
"96","Ireland","Cavan",2020-03-29,7,"NA"
"97","Ireland","Cavan",2020-03-30,5,"NA"
"98","Ireland","Cavan",2020-03-31,3,"NA"
"99","Ireland","Cavan",2020-04-01,2,"NA"
"100","Ireland","Cavan",2020-04-02,26,"NA"
"101","Ireland","Cavan",2020-04-03,9,"NA"
"102","Ireland","Cavan",2020-04-04,39,"NA"
"103","Ireland","Cavan",2020-04-05,8,"NA"
"104","Ireland","Cavan",2020-04-06,6,"NA"
"105","Ireland","Cavan",2020-04-07,3,"NA"
"106","Ireland","Cavan",2020-04-08,19,"NA"
"107","Ireland","Cavan",2020-04-09,18,"NA"
"108","Ireland","Cavan",2020-04-10,41,"NA"
"109","Ireland","Cavan",2020-04-11,12,"NA"
"110","Ireland","Cavan",2020-04-12,23,"NA"
"111","Ireland","Cavan",2020-04-13,9,"NA"
"112","Ireland","Cavan",2020-04-14,56,"NA"
"113","Ireland","Cavan",2020-04-15,35,"NA"
"114","Ireland","Cavan",2020-04-16,8,"NA"
"115","Ireland","Cavan",2020-04-17,33,"NA"
"116","Ireland","Cavan",2020-04-18,15,"NA"
"117","Ireland","Cavan",2020-04-19,2,"NA"
"118","Ireland","Cavan",2020-04-20,27,"NA"
"119","Ireland","Cavan",2020-04-21,36,"NA"
"120","Ireland","Cavan",2020-04-22,40,"NA"
"121","Ireland","Cavan",2020-04-23,30,"NA"
"122","Ireland","Cavan",2020-04-24,38,"NA"
"123","Ireland","Cavan",2020-04-25,35,"NA"
"124","Ireland","Cavan",2020-04-26,18,"NA"
"125","Ireland","Cavan",2020-04-27,7,"NA"
"126","Ireland","Cavan",2020-04-28,0,"NA"
"127","Ireland","Cavan",2020-04-29,10,"NA"
"128","Ireland","Cavan",2020-04-30,12,"NA"
"129","Ireland","Cavan",2020-05-01,17,"NA"
"130","Ireland","Cavan",2020-05-02,9,"NA"
"131","Ireland","Cavan",2020-05-03,12,"NA"
"132","Ireland","Cavan",2020-05-04,15,"NA"
"133","Ireland","Clare",2020-02-27,0,"NA"
"134","Ireland","Clare",2020-03-01,0,"NA"
"135","Ireland","Clare",2020-03-02,0,"NA"
"136","Ireland","Clare",2020-03-03,0,"NA"
"137","Ireland","Clare",2020-03-04,0,"NA"
"138","Ireland","Clare",2020-03-05,0,"NA"
"139","Ireland","Clare",2020-03-06,0,"NA"
"140","Ireland","Clare",2020-03-07,0,"NA"
"141","Ireland","Clare",2020-03-08,0,"NA"
"142","Ireland","Clare",2020-03-09,0,"NA"
"143","Ireland","Clare",2020-03-10,0,"NA"
"144","Ireland","Clare",2020-03-11,0,"NA"
"145","Ireland","Clare",2020-03-12,0,"NA"
"146","Ireland","Clare",2020-03-13,0,"NA"
"147","Ireland","Clare",2020-03-14,0,"NA"
"148","Ireland","Clare",2020-03-15,0,"NA"
"149","Ireland","Clare",2020-03-16,0,"NA"
"150","Ireland","Clare",2020-03-17,0,"NA"
"151","Ireland","Clare",2020-03-18,0,"NA"
"152","Ireland","Clare",2020-03-19,0,"NA"
"153","Ireland","Clare",2020-03-20,0,"NA"
"154","Ireland","Clare",2020-03-21,9,"NA"
"155","Ireland","Clare",2020-03-22,2,"NA"
"156","Ireland","Clare",2020-03-23,1,"NA"
"157","Ireland","Clare",2020-03-24,13,"NA"
"158","Ireland","Clare",2020-03-25,1,"NA"
"159","Ireland","Clare",2020-03-26,5,"NA"
"160","Ireland","Clare",2020-03-27,3,"NA"
"161","Ireland","Clare",2020-03-28,0,"NA"
"162","Ireland","Clare",2020-03-29,6,"NA"
"163","Ireland","Clare",2020-03-30,5,"NA"
"164","Ireland","Clare",2020-03-31,4,"NA"
"165","Ireland","Clare",2020-04-01,1,"NA"
"166","Ireland","Clare",2020-04-02,4,"NA"
"167","Ireland","Clare",2020-04-03,0,"NA"
"168","Ireland","Clare",2020-04-04,6,"NA"
"169","Ireland","Clare",2020-04-05,5,"NA"
"170","Ireland","Clare",2020-04-06,1,"NA"
"171","Ireland","Clare",2020-04-07,2,"NA"
"172","Ireland","Clare",2020-04-08,1,"NA"
"173","Ireland","Clare",2020-04-09,16,"NA"
"174","Ireland","Clare",2020-04-10,3,"NA"
"175","Ireland","Clare",2020-04-11,10,"NA"
"176","Ireland","Clare",2020-04-12,8,"NA"
"177","Ireland","Clare",2020-04-13,7,"NA"
"178","Ireland","Clare",2020-04-14,6,"NA"
"179","Ireland","Clare",2020-04-15,17,"NA"
"180","Ireland","Clare",2020-04-16,15,"NA"
"181","Ireland","Clare",2020-04-17,2,"NA"
"182","Ireland","Clare",2020-04-18,7,"NA"
"183","Ireland","Clare",2020-04-19,4,"NA"
"184","Ireland","Clare",2020-04-20,1,"NA"
"185","Ireland","Clare",2020-04-21,22,"NA"
"186","Ireland","Clare",2020-04-22,19,"NA"
"187","Ireland","Clare",2020-04-23,1,"NA"
"188","Ireland","Clare",2020-04-24,2,"NA"
"189","Ireland","Clare",2020-04-25,3,"NA"
"190","Ireland","Clare",2020-04-26,17,"NA"
"191","Ireland","Clare",2020-04-27,3,"NA"
"192","Ireland","Clare",2020-04-28,0,"NA"
"193","Ireland","Clare",2020-04-29,4,"NA"
"194","Ireland","Clare",2020-04-30,1,"NA"
"195","Ireland","Clare",2020-05-01,3,"NA"
"196","Ireland","Clare",2020-05-02,5,"NA"
"197","Ireland","Clare",2020-05-03,4,"NA"
"198","Ireland","Clare",2020-05-04,5,"NA"
"199","Ireland","Cork",2020-02-27,0,"NA"
"200","Ireland","Cork",2020-03-01,0,"NA"
"201","Ireland","Cork",2020-03-02,0,"NA"
"202","Ireland","Cork",2020-03-03,0,"NA"
"203","Ireland","Cork",2020-03-04,0,"NA"
"204","Ireland","Cork",2020-03-05,0,"NA"
"205","Ireland","Cork",2020-03-06,0,"NA"
"206","Ireland","Cork",2020-03-07,0,"NA"
"207","Ireland","Cork",2020-03-08,0,"NA"
"208","Ireland","Cork",2020-03-09,0,"NA"
"209","Ireland","Cork",2020-03-10,0,"NA"
"210","Ireland","Cork",2020-03-11,0,"NA"
"211","Ireland","Cork",2020-03-12,0,"NA"
"212","Ireland","Cork",2020-03-13,0,"NA"
"213","Ireland","Cork",2020-03-14,0,"NA"
"214","Ireland","Cork",2020-03-15,0,"NA"
"215","Ireland","Cork",2020-03-16,0,"NA"
"216","Ireland","Cork",2020-03-17,0,"NA"
"217","Ireland","Cork",2020-03-18,0,"NA"
"218","Ireland","Cork",2020-03-19,0,"NA"
"219","Ireland","Cork",2020-03-20,0,"NA"
"220","Ireland","Cork",2020-03-21,104,"NA"
"221","Ireland","Cork",2020-03-22,19,"NA"
"222","Ireland","Cork",2020-03-23,10,"NA"
"223","Ireland","Cork",2020-03-24,21,"NA"
"224","Ireland","Cork",2020-03-25,17,"NA"
"225","Ireland","Cork",2020-03-26,13,"NA"
"226","Ireland","Cork",2020-03-27,24,"NA"
"227","Ireland","Cork",2020-03-28,9,"NA"
"228","Ireland","Cork",2020-03-29,21,"NA"
"229","Ireland","Cork",2020-03-30,17,"NA"
"230","Ireland","Cork",2020-03-31,17,"NA"
"231","Ireland","Cork",2020-04-01,20,"NA"
"232","Ireland","Cork",2020-04-02,12,"NA"
"233","Ireland","Cork",2020-04-03,39,"NA"
"234","Ireland","Cork",2020-04-04,19,"NA"
"235","Ireland","Cork",2020-04-05,59,"NA"
"236","Ireland","Cork",2020-04-06,10,"NA"
"237","Ireland","Cork",2020-04-07,41,"NA"
"238","Ireland","Cork",2020-04-08,31,"NA"
"239","Ireland","Cork",2020-04-09,78,"NA"
"240","Ireland","Cork",2020-04-10,67,"NA"
"241","Ireland","Cork",2020-04-11,82,"NA"
"242","Ireland","Cork",2020-04-12,50,"NA"
"243","Ireland","Cork",2020-04-13,49,"NA"
"244","Ireland","Cork",2020-04-14,87,"NA"
"245","Ireland","Cork",2020-04-15,29,"NA"
"246","Ireland","Cork",2020-04-16,34,"NA"
"247","Ireland","Cork",2020-04-17,49,"NA"
"248","Ireland","Cork",2020-04-18,19,"NA"
"249","Ireland","Cork",2020-04-19,6,"NA"
"250","Ireland","Cork",2020-04-20,24,"NA"
"251","Ireland","Cork",2020-04-21,10,"NA"
"252","Ireland","Cork",2020-04-22,9,"NA"
"253","Ireland","Cork",2020-04-23,7,"NA"
"254","Ireland","Cork",2020-04-24,7,"NA"
"255","Ireland","Cork",2020-04-25,15,"NA"
"256","Ireland","Cork",2020-04-26,1,"NA"
"257","Ireland","Cork",2020-04-27,10,"NA"
"258","Ireland","Cork",2020-04-28,10,"NA"
"259","Ireland","Cork",2020-04-29,8,"NA"
"260","Ireland","Cork",2020-04-30,2,"NA"
"261","Ireland","Cork",2020-05-01,8,"NA"
"262","Ireland","Cork",2020-05-02,11,"NA"
"263","Ireland","Cork",2020-05-03,2,"NA"
"264","Ireland","Cork",2020-05-04,15,"NA"
"265","Ireland","Donegal",2020-02-27,0,"NA"
"266","Ireland","Donegal",2020-03-01,0,"NA"
"267","Ireland","Donegal",2020-03-02,0,"NA"
"268","Ireland","Donegal",2020-03-03,0,"NA"
"269","Ireland","Donegal",2020-03-04,0,"NA"
"270","Ireland","Donegal",2020-03-05,0,"NA"
"271","Ireland","Donegal",2020-03-06,0,"NA"
"272","Ireland","Donegal",2020-03-07,0,"NA"
"273","Ireland","Donegal",2020-03-08,0,"NA"
"274","Ireland","Donegal",2020-03-09,0,"NA"
"275","Ireland","Donegal",2020-03-10,0,"NA"
"276","Ireland","Donegal",2020-03-11,0,"NA"
"277","Ireland","Donegal",2020-03-12,0,"NA"
"278","Ireland","Donegal",2020-03-13,0,"NA"
"279","Ireland","Donegal",2020-03-14,0,"NA"
"280","Ireland","Donegal",2020-03-15,0,"NA"
"281","Ireland","Donegal",2020-03-16,0,"NA"
"282","Ireland","Donegal",2020-03-17,0,"NA"
"283","Ireland","Donegal",2020-03-18,0,"NA"
"284","Ireland","Donegal",2020-03-19,0,"NA"
"285","Ireland","Donegal",2020-03-20,0,"NA"
"286","Ireland","Donegal",2020-03-21,8,"NA"
"287","Ireland","Donegal",2020-03-22,3,"NA"
"288","Ireland","Donegal",2020-03-23,0,"NA"
"289","Ireland","Donegal",2020-03-24,1,"NA"
"290","Ireland","Donegal",2020-03-25,3,"NA"
"291","Ireland","Donegal",2020-03-26,0,"NA"
"292","Ireland","Donegal",2020-03-27,9,"NA"
"293","Ireland","Donegal",2020-03-28,12,"NA"
"294","Ireland","Donegal",2020-03-29,10,"NA"
"295","Ireland","Donegal",2020-03-30,17,"NA"
"296","Ireland","Donegal",2020-03-31,5,"NA"
"297","Ireland","Donegal",2020-04-01,9,"NA"
"298","Ireland","Donegal",2020-04-02,3,"NA"
"299","Ireland","Donegal",2020-04-03,1,"NA"
"300","Ireland","Donegal",2020-04-04,22,"NA"
"301","Ireland","Donegal",2020-04-05,11,"NA"
"302","Ireland","Donegal",2020-04-06,6,"NA"
"303","Ireland","Donegal",2020-04-07,5,"NA"
"304","Ireland","Donegal",2020-04-08,20,"NA"
"305","Ireland","Donegal",2020-04-09,22,"NA"
"306","Ireland","Donegal",2020-04-10,21,"NA"
"307","Ireland","Donegal",2020-04-11,37,"NA"
"308","Ireland","Donegal",2020-04-12,39,"NA"
"309","Ireland","Donegal",2020-04-13,32,"NA"
"310","Ireland","Donegal",2020-04-14,24,"NA"
"311","Ireland","Donegal",2020-04-15,32,"NA"
"312","Ireland","Donegal",2020-04-16,17,"NA"
"313","Ireland","Donegal",2020-04-17,7,"NA"
"314","Ireland","Donegal",2020-04-18,7,"NA"
"315","Ireland","Donegal",2020-04-19,9,"NA"
"316","Ireland","Donegal",2020-04-20,24,"NA"
"317","Ireland","Donegal",2020-04-21,15,"NA"
"318","Ireland","Donegal",2020-04-22,9,"NA"
"319","Ireland","Donegal",2020-04-23,-3,"NA"
"320","Ireland","Donegal",2020-04-24,9,"NA"
"321","Ireland","Donegal",2020-04-25,6,"NA"
"322","Ireland","Donegal",2020-04-26,1,"NA"
"323","Ireland","Donegal",2020-04-27,1,"NA"
"324","Ireland","Donegal",2020-04-28,2,"NA"
"325","Ireland","Donegal",2020-04-29,2,"NA"
"326","Ireland","Donegal",2020-04-30,1,"NA"
"327","Ireland","Donegal",2020-05-01,2,"NA"
"328","Ireland","Donegal",2020-05-02,4,"NA"
"329","Ireland","Donegal",2020-05-03,1,"NA"
"330","Ireland","Donegal",2020-05-04,1,"NA"
"331","Ireland","Dublin",2020-02-27,0,"NA"
"332","Ireland","Dublin",2020-03-01,0,"NA"
"333","Ireland","Dublin",2020-03-02,0,"NA"
"334","Ireland","Dublin",2020-03-03,0,"NA"
"335","Ireland","Dublin",2020-03-04,0,"NA"
"336","Ireland","Dublin",2020-03-05,0,"NA"
"337","Ireland","Dublin",2020-03-06,0,"NA"
"338","Ireland","Dublin",2020-03-07,0,"NA"
"339","Ireland","Dublin",2020-03-08,0,"NA"
"340","Ireland","Dublin",2020-03-09,0,"NA"
"341","Ireland","Dublin",2020-03-10,0,"NA"
"342","Ireland","Dublin",2020-03-11,0,"NA"
"343","Ireland","Dublin",2020-03-12,0,"NA"
"344","Ireland","Dublin",2020-03-13,0,"NA"
"345","Ireland","Dublin",2020-03-14,0,"NA"
"346","Ireland","Dublin",2020-03-15,0,"NA"
"347","Ireland","Dublin",2020-03-16,0,"NA"
"348","Ireland","Dublin",2020-03-17,0,"NA"
"349","Ireland","Dublin",2020-03-18,0,"NA"
"350","Ireland","Dublin",2020-03-19,0,"NA"
"351","Ireland","Dublin",2020-03-20,0,"NA"
"352","Ireland","Dublin",2020-03-21,471,"NA"
"353","Ireland","Dublin",2020-03-22,64,"NA"
"354","Ireland","Dublin",2020-03-23,124,"NA"
"355","Ireland","Dublin",2020-03-24,115,"NA"
"356","Ireland","Dublin",2020-03-25,148,"NA"
"357","Ireland","Dublin",2020-03-26,148,"NA"
"358","Ireland","Dublin",2020-03-27,163,"NA"
"359","Ireland","Dublin",2020-03-28,160,"NA"
"360","Ireland","Dublin",2020-03-29,94,"NA"
"361","Ireland","Dublin",2020-03-30,158,"NA"
"362","Ireland","Dublin",2020-03-31,193,"NA"
"363","Ireland","Dublin",2020-04-01,239,"NA"
"364","Ireland","Dublin",2020-04-02,174,"NA"
"365","Ireland","Dublin",2020-04-03,239,"NA"
"366","Ireland","Dublin",2020-04-04,202,"NA"
"367","Ireland","Dublin",2020-04-05,369,"NA"
"368","Ireland","Dublin",2020-04-06,207,"NA"
"369","Ireland","Dublin",2020-04-07,289,"NA"
"370","Ireland","Dublin",2020-04-08,316,"NA"
"371","Ireland","Dublin",2020-04-09,283,"NA"
"372","Ireland","Dublin",2020-04-10,358,"NA"
"373","Ireland","Dublin",2020-04-11,492,"NA"
"374","Ireland","Dublin",2020-04-12,432,"NA"
"375","Ireland","Dublin",2020-04-13,412,"NA"
"376","Ireland","Dublin",2020-04-14,487,"NA"
"377","Ireland","Dublin",2020-04-15,230,"NA"
"378","Ireland","Dublin",2020-04-16,367,"NA"
"379","Ireland","Dublin",2020-04-17,445,"NA"
"380","Ireland","Dublin",2020-04-18,287,"NA"
"381","Ireland","Dublin",2020-04-19,115,"NA"
"382","Ireland","Dublin",2020-04-20,124,"NA"
"383","Ireland","Dublin",2020-04-21,311,"NA"
"384","Ireland","Dublin",2020-04-22,513,"NA"
"385","Ireland","Dublin",2020-04-23,281,"NA"
"386","Ireland","Dublin",2020-04-24,214,"NA"
"387","Ireland","Dublin",2020-04-25,308,"NA"
"388","Ireland","Dublin",2020-04-26,92,"NA"
"389","Ireland","Dublin",2020-04-27,127,"NA"
"390","Ireland","Dublin",2020-04-28,216,"NA"
"391","Ireland","Dublin",2020-04-29,203,"NA"
"392","Ireland","Dublin",2020-04-30,107,"NA"
"393","Ireland","Dublin",2020-05-01,129,"NA"
"394","Ireland","Dublin",2020-05-02,155,"NA"
"395","Ireland","Dublin",2020-05-03,109,"NA"
"396","Ireland","Dublin",2020-05-04,64,"NA"
"397","Ireland","Galway",2020-02-27,0,"NA"
"398","Ireland","Galway",2020-03-01,0,"NA"
"399","Ireland","Galway",2020-03-02,0,"NA"
"400","Ireland","Galway",2020-03-03,0,"NA"
"401","Ireland","Galway",2020-03-04,0,"NA"
"402","Ireland","Galway",2020-03-05,0,"NA"
"403","Ireland","Galway",2020-03-06,0,"NA"
"404","Ireland","Galway",2020-03-07,0,"NA"
"405","Ireland","Galway",2020-03-08,0,"NA"
"406","Ireland","Galway",2020-03-09,0,"NA"
"407","Ireland","Galway",2020-03-10,0,"NA"
"408","Ireland","Galway",2020-03-11,0,"NA"
"409","Ireland","Galway",2020-03-12,0,"NA"
"410","Ireland","Galway",2020-03-13,0,"NA"
"411","Ireland","Galway",2020-03-14,0,"NA"
"412","Ireland","Galway",2020-03-15,0,"NA"
"413","Ireland","Galway",2020-03-16,0,"NA"
"414","Ireland","Galway",2020-03-17,0,"NA"
"415","Ireland","Galway",2020-03-18,0,"NA"
"416","Ireland","Galway",2020-03-19,0,"NA"
"417","Ireland","Galway",2020-03-20,0,"NA"
"418","Ireland","Galway",2020-03-21,33,"NA"
"419","Ireland","Galway",2020-03-22,2,"NA"
"420","Ireland","Galway",2020-03-23,5,"NA"
"421","Ireland","Galway",2020-03-24,5,"NA"
"422","Ireland","Galway",2020-03-25,12,"NA"
"423","Ireland","Galway",2020-03-26,6,"NA"
"424","Ireland","Galway",2020-03-27,5,"NA"
"425","Ireland","Galway",2020-03-28,9,"NA"
"426","Ireland","Galway",2020-03-29,9,"NA"
"427","Ireland","Galway",2020-03-30,2,"NA"
"428","Ireland","Galway",2020-03-31,3,"NA"
"429","Ireland","Galway",2020-04-01,7,"NA"
"430","Ireland","Galway",2020-04-02,7,"NA"
"431","Ireland","Galway",2020-04-03,3,"NA"
"432","Ireland","Galway",2020-04-04,4,"NA"
"433","Ireland","Galway",2020-04-05,16,"NA"
"434","Ireland","Galway",2020-04-06,6,"NA"
"435","Ireland","Galway",2020-04-07,0,"NA"
"436","Ireland","Galway",2020-04-08,26,"NA"
"437","Ireland","Galway",2020-04-09,9,"NA"
"438","Ireland","Galway",2020-04-10,9,"NA"
"439","Ireland","Galway",2020-04-11,19,"NA"
"440","Ireland","Galway",2020-04-12,23,"NA"
"441","Ireland","Galway",2020-04-13,17,"NA"
"442","Ireland","Galway",2020-04-14,23,"NA"
"443","Ireland","Galway",2020-04-15,6,"NA"
"444","Ireland","Galway",2020-04-16,7,"NA"
"445","Ireland","Galway",2020-04-17,10,"NA"
"446","Ireland","Galway",2020-04-18,11,"NA"
"447","Ireland","Galway",2020-04-19,0,"NA"
"448","Ireland","Galway",2020-04-20,15,"NA"
"449","Ireland","Galway",2020-04-21,6,"NA"
"450","Ireland","Galway",2020-04-22,16,"NA"
"451","Ireland","Galway",2020-04-23,1,"NA"
"452","Ireland","Galway",2020-04-24,0,"NA"
"453","Ireland","Galway",2020-04-25,3,"NA"
"454","Ireland","Galway",2020-04-26,-3,"NA"
"455","Ireland","Galway",2020-04-27,19,"NA"
"456","Ireland","Galway",2020-04-28,4,"NA"
"457","Ireland","Galway",2020-04-29,0,"NA"
"458","Ireland","Galway",2020-04-30,2,"NA"
"459","Ireland","Galway",2020-05-01,8,"NA"
"460","Ireland","Galway",2020-05-02,0,"NA"
"461","Ireland","Galway",2020-05-03,4,"NA"
"462","Ireland","Galway",2020-05-04,6,"NA"
"463","Ireland","Kerry",2020-02-27,0,"NA"
"464","Ireland","Kerry",2020-03-01,0,"NA"
"465","Ireland","Kerry",2020-03-02,0,"NA"
"466","Ireland","Kerry",2020-03-03,0,"NA"
"467","Ireland","Kerry",2020-03-04,0,"NA"
"468","Ireland","Kerry",2020-03-05,0,"NA"
"469","Ireland","Kerry",2020-03-06,0,"NA"
"470","Ireland","Kerry",2020-03-07,0,"NA"
"471","Ireland","Kerry",2020-03-08,0,"NA"
"472","Ireland","Kerry",2020-03-09,0,"NA"
"473","Ireland","Kerry",2020-03-10,0,"NA"
"474","Ireland","Kerry",2020-03-11,0,"NA"
"475","Ireland","Kerry",2020-03-12,0,"NA"
"476","Ireland","Kerry",2020-03-13,0,"NA"
"477","Ireland","Kerry",2020-03-14,0,"NA"
"478","Ireland","Kerry",2020-03-15,0,"NA"
"479","Ireland","Kerry",2020-03-16,0,"NA"
"480","Ireland","Kerry",2020-03-17,0,"NA"
"481","Ireland","Kerry",2020-03-18,0,"NA"
"482","Ireland","Kerry",2020-03-19,0,"NA"
"483","Ireland","Kerry",2020-03-20,0,"NA"
"484","Ireland","Kerry",2020-03-21,12,"NA"
"485","Ireland","Kerry",2020-03-22,3,"NA"
"486","Ireland","Kerry",2020-03-23,18,"NA"
"487","Ireland","Kerry",2020-03-24,5,"NA"
"488","Ireland","Kerry",2020-03-25,6,"NA"
"489","Ireland","Kerry",2020-03-26,3,"NA"
"490","Ireland","Kerry",2020-03-27,6,"NA"
"491","Ireland","Kerry",2020-03-28,7,"NA"
"492","Ireland","Kerry",2020-03-29,6,"NA"
"493","Ireland","Kerry",2020-03-30,2,"NA"
"494","Ireland","Kerry",2020-03-31,4,"NA"
"495","Ireland","Kerry",2020-04-01,7,"NA"
"496","Ireland","Kerry",2020-04-02,5,"NA"
"497","Ireland","Kerry",2020-04-03,1,"NA"
"498","Ireland","Kerry",2020-04-04,4,"NA"
"499","Ireland","Kerry",2020-04-05,28,"NA"
"500","Ireland","Kerry",2020-04-06,5,"NA"
"501","Ireland","Kerry",2020-04-07,3,"NA"
"502","Ireland","Kerry",2020-04-08,20,"NA"
"503","Ireland","Kerry",2020-04-09,10,"NA"
"504","Ireland","Kerry",2020-04-10,15,"NA"
"505","Ireland","Kerry",2020-04-11,30,"NA"
"506","Ireland","Kerry",2020-04-12,19,"NA"
"507","Ireland","Kerry",2020-04-13,7,"NA"
"508","Ireland","Kerry",2020-04-14,20,"NA"
"509","Ireland","Kerry",2020-04-15,8,"NA"
"510","Ireland","Kerry",2020-04-16,2,"NA"
"511","Ireland","Kerry",2020-04-17,6,"NA"
"512","Ireland","Kerry",2020-04-18,6,"NA"
"513","Ireland","Kerry",2020-04-19,0,"NA"
"514","Ireland","Kerry",2020-04-20,0,"NA"
"515","Ireland","Kerry",2020-04-21,3,"NA"
"516","Ireland","Kerry",2020-04-22,0,"NA"
"517","Ireland","Kerry",2020-04-23,5,"NA"
"518","Ireland","Kerry",2020-04-24,1,"NA"
"519","Ireland","Kerry",2020-04-25,11,"NA"
"520","Ireland","Kerry",2020-04-26,0,"NA"
"521","Ireland","Kerry",2020-04-27,4,"NA"
"522","Ireland","Kerry",2020-04-28,0,"NA"
"523","Ireland","Kerry",2020-04-29,1,"NA"
"524","Ireland","Kerry",2020-04-30,1,"NA"
"525","Ireland","Kerry",2020-05-01,1,"NA"
"526","Ireland","Kerry",2020-05-02,3,"NA"
"527","Ireland","Kerry",2020-05-03,3,"NA"
"528","Ireland","Kerry",2020-05-04,1,"NA"
"529","Ireland","Kildare",2020-02-27,0,"NA"
"530","Ireland","Kildare",2020-03-01,0,"NA"
"531","Ireland","Kildare",2020-03-02,0,"NA"
"532","Ireland","Kildare",2020-03-03,0,"NA"
"533","Ireland","Kildare",2020-03-04,0,"NA"
"534","Ireland","Kildare",2020-03-05,0,"NA"
"535","Ireland","Kildare",2020-03-06,0,"NA"
"536","Ireland","Kildare",2020-03-07,0,"NA"
"537","Ireland","Kildare",2020-03-08,0,"NA"
"538","Ireland","Kildare",2020-03-09,0,"NA"
"539","Ireland","Kildare",2020-03-10,0,"NA"
"540","Ireland","Kildare",2020-03-11,0,"NA"
"541","Ireland","Kildare",2020-03-12,0,"NA"
"542","Ireland","Kildare",2020-03-13,0,"NA"
"543","Ireland","Kildare",2020-03-14,0,"NA"
"544","Ireland","Kildare",2020-03-15,0,"NA"
"545","Ireland","Kildare",2020-03-16,0,"NA"
"546","Ireland","Kildare",2020-03-17,0,"NA"
"547","Ireland","Kildare",2020-03-18,0,"NA"
"548","Ireland","Kildare",2020-03-19,0,"NA"
"549","Ireland","Kildare",2020-03-20,0,"NA"
"550","Ireland","Kildare",2020-03-21,23,"NA"
"551","Ireland","Kildare",2020-03-22,2,"NA"
"552","Ireland","Kildare",2020-03-23,9,"NA"
"553","Ireland","Kildare",2020-03-24,5,"NA"
"554","Ireland","Kildare",2020-03-25,6,"NA"
"555","Ireland","Kildare",2020-03-26,11,"NA"
"556","Ireland","Kildare",2020-03-27,5,"NA"
"557","Ireland","Kildare",2020-03-28,3,"NA"
"558","Ireland","Kildare",2020-03-29,2,"NA"
"559","Ireland","Kildare",2020-03-30,14,"NA"
"560","Ireland","Kildare",2020-03-31,10,"NA"
"561","Ireland","Kildare",2020-04-01,13,"NA"
"562","Ireland","Kildare",2020-04-02,33,"NA"
"563","Ireland","Kildare",2020-04-03,16,"NA"
"564","Ireland","Kildare",2020-04-04,23,"NA"
"565","Ireland","Kildare",2020-04-05,25,"NA"
"566","Ireland","Kildare",2020-04-06,33,"NA"
"567","Ireland","Kildare",2020-04-07,20,"NA"
"568","Ireland","Kildare",2020-04-08,37,"NA"
"569","Ireland","Kildare",2020-04-09,42,"NA"
"570","Ireland","Kildare",2020-04-10,28,"NA"
"571","Ireland","Kildare",2020-04-11,44,"NA"
"572","Ireland","Kildare",2020-04-12,39,"NA"
"573","Ireland","Kildare",2020-04-13,66,"NA"
"574","Ireland","Kildare",2020-04-14,58,"NA"
"575","Ireland","Kildare",2020-04-15,54,"NA"
"576","Ireland","Kildare",2020-04-16,63,"NA"
"577","Ireland","Kildare",2020-04-17,79,"NA"
"578","Ireland","Kildare",2020-04-18,54,"NA"
"579","Ireland","Kildare",2020-04-19,5,"NA"
"580","Ireland","Kildare",2020-04-20,29,"NA"
"581","Ireland","Kildare",2020-04-21,24,"NA"
"582","Ireland","Kildare",2020-04-22,79,"NA"
"583","Ireland","Kildare",2020-04-23,49,"NA"
"584","Ireland","Kildare",2020-04-24,25,"NA"
"585","Ireland","Kildare",2020-04-25,99,"NA"
"586","Ireland","Kildare",2020-04-26,20,"NA"
"587","Ireland","Kildare",2020-04-27,15,"NA"
"588","Ireland","Kildare",2020-04-28,31,"NA"
"589","Ireland","Kildare",2020-04-29,22,"NA"
"590","Ireland","Kildare",2020-04-30,11,"NA"
"591","Ireland","Kildare",2020-05-01,16,"NA"
"592","Ireland","Kildare",2020-05-02,26,"NA"
"593","Ireland","Kildare",2020-05-03,12,"NA"
"594","Ireland","Kildare",2020-05-04,9,"NA"
"595","Ireland","Kilkenny",2020-02-27,0,"NA"
"596","Ireland","Kilkenny",2020-03-01,0,"NA"
"597","Ireland","Kilkenny",2020-03-02,0,"NA"
"598","Ireland","Kilkenny",2020-03-03,0,"NA"
"599","Ireland","Kilkenny",2020-03-04,0,"NA"
"600","Ireland","Kilkenny",2020-03-05,0,"NA"
"601","Ireland","Kilkenny",2020-03-06,0,"NA"
"602","Ireland","Kilkenny",2020-03-07,0,"NA"
"603","Ireland","Kilkenny",2020-03-08,0,"NA"
"604","Ireland","Kilkenny",2020-03-09,0,"NA"
"605","Ireland","Kilkenny",2020-03-10,0,"NA"
"606","Ireland","Kilkenny",2020-03-11,0,"NA"
"607","Ireland","Kilkenny",2020-03-12,0,"NA"
"608","Ireland","Kilkenny",2020-03-13,0,"NA"
"609","Ireland","Kilkenny",2020-03-14,0,"NA"
"610","Ireland","Kilkenny",2020-03-15,0,"NA"
"611","Ireland","Kilkenny",2020-03-16,0,"NA"
"612","Ireland","Kilkenny",2020-03-17,0,"NA"
"613","Ireland","Kilkenny",2020-03-18,0,"NA"
"614","Ireland","Kilkenny",2020-03-19,0,"NA"
"615","Ireland","Kilkenny",2020-03-20,0,"NA"
"616","Ireland","Kilkenny",2020-03-21,15,"NA"
"617","Ireland","Kilkenny",2020-03-22,1,"NA"
"618","Ireland","Kilkenny",2020-03-23,0,"NA"
"619","Ireland","Kilkenny",2020-03-24,3,"NA"
"620","Ireland","Kilkenny",2020-03-25,1,"NA"
"621","Ireland","Kilkenny",2020-03-26,9,"NA"
"622","Ireland","Kilkenny",2020-03-27,4,"NA"
"623","Ireland","Kilkenny",2020-03-28,3,"NA"
"624","Ireland","Kilkenny",2020-03-29,0,"NA"
"625","Ireland","Kilkenny",2020-03-30,1,"NA"
"626","Ireland","Kilkenny",2020-03-31,0,"NA"
"627","Ireland","Kilkenny",2020-04-01,10,"NA"
"628","Ireland","Kilkenny",2020-04-02,7,"NA"
"629","Ireland","Kilkenny",2020-04-03,19,"NA"
"630","Ireland","Kilkenny",2020-04-04,2,"NA"
"631","Ireland","Kilkenny",2020-04-05,4,"NA"
"632","Ireland","Kilkenny",2020-04-06,9,"NA"
"633","Ireland","Kilkenny",2020-04-07,2,"NA"
"634","Ireland","Kilkenny",2020-04-08,6,"NA"
"635","Ireland","Kilkenny",2020-04-09,19,"NA"
"636","Ireland","Kilkenny",2020-04-10,9,"NA"
"637","Ireland","Kilkenny",2020-04-11,12,"NA"
"638","Ireland","Kilkenny",2020-04-12,8,"NA"
"639","Ireland","Kilkenny",2020-04-13,20,"NA"
"640","Ireland","Kilkenny",2020-04-14,9,"NA"
"641","Ireland","Kilkenny",2020-04-15,6,"NA"
"642","Ireland","Kilkenny",2020-04-16,9,"NA"
"643","Ireland","Kilkenny",2020-04-17,9,"NA"
"644","Ireland","Kilkenny",2020-04-18,9,"NA"
"645","Ireland","Kilkenny",2020-04-19,4,"NA"
"646","Ireland","Kilkenny",2020-04-20,6,"NA"
"647","Ireland","Kilkenny",2020-04-21,6,"NA"
"648","Ireland","Kilkenny",2020-04-22,5,"NA"
"649","Ireland","Kilkenny",2020-04-23,2,"NA"
"650","Ireland","Kilkenny",2020-04-24,1,"NA"
"651","Ireland","Kilkenny",2020-04-25,3,"NA"
"652","Ireland","Kilkenny",2020-04-26,0,"NA"
"653","Ireland","Kilkenny",2020-04-27,3,"NA"
"654","Ireland","Kilkenny",2020-04-28,6,"NA"
"655","Ireland","Kilkenny",2020-04-29,8,"NA"
"656","Ireland","Kilkenny",2020-04-30,4,"NA"
"657","Ireland","Kilkenny",2020-05-01,4,"NA"
"658","Ireland","Kilkenny",2020-05-02,1,"NA"
"659","Ireland","Kilkenny",2020-05-03,-1,"NA"
"660","Ireland","Kilkenny",2020-05-04,1,"NA"
"661","Ireland","Laois",2020-02-27,0,"NA"
"662","Ireland","Laois",2020-03-01,0,"NA"
"663","Ireland","Laois",2020-03-02,0,"NA"
"664","Ireland","Laois",2020-03-03,0,"NA"
"665","Ireland","Laois",2020-03-04,0,"NA"
"666","Ireland","Laois",2020-03-05,0,"NA"
"667","Ireland","Laois",2020-03-06,0,"NA"
"668","Ireland","Laois",2020-03-07,0,"NA"
"669","Ireland","Laois",2020-03-08,0,"NA"
"670","Ireland","Laois",2020-03-09,0,"NA"
"671","Ireland","Laois",2020-03-10,0,"NA"
"672","Ireland","Laois",2020-03-11,0,"NA"
"673","Ireland","Laois",2020-03-12,0,"NA"
"674","Ireland","Laois",2020-03-13,0,"NA"
"675","Ireland","Laois",2020-03-14,0,"NA"
"676","Ireland","Laois",2020-03-15,0,"NA"
"677","Ireland","Laois",2020-03-16,0,"NA"
"678","Ireland","Laois",2020-03-17,0,"NA"
"679","Ireland","Laois",2020-03-18,0,"NA"
"680","Ireland","Laois",2020-03-19,0,"NA"
"681","Ireland","Laois",2020-03-20,0,"NA"
"682","Ireland","Laois",2020-03-21,6,"NA"
"683","Ireland","Laois",2020-03-22,2,"NA"
"684","Ireland","Laois",2020-03-23,1,"NA"
"685","Ireland","Laois",2020-03-24,0,"NA"
"686","Ireland","Laois",2020-03-25,1,"NA"
"687","Ireland","Laois",2020-03-26,1,"NA"
"688","Ireland","Laois",2020-03-27,3,"NA"
"689","Ireland","Laois",2020-03-28,0,"NA"
"690","Ireland","Laois",2020-03-29,1,"NA"
"691","Ireland","Laois",2020-03-30,1,"NA"
"692","Ireland","Laois",2020-03-31,0,"NA"
"693","Ireland","Laois",2020-04-01,0,"NA"
"694","Ireland","Laois",2020-04-02,5,"NA"
"695","Ireland","Laois",2020-04-03,1,"NA"
"696","Ireland","Laois",2020-04-04,3,"NA"
"697","Ireland","Laois",2020-04-05,6,"NA"
"698","Ireland","Laois",2020-04-06,3,"NA"
"699","Ireland","Laois",2020-04-07,3,"NA"
"700","Ireland","Laois",2020-04-08,12,"NA"
"701","Ireland","Laois",2020-04-09,12,"NA"
"702","Ireland","Laois",2020-04-10,10,"NA"
"703","Ireland","Laois",2020-04-11,17,"NA"
"704","Ireland","Laois",2020-04-12,13,"NA"
"705","Ireland","Laois",2020-04-13,17,"NA"
"706","Ireland","Laois",2020-04-14,15,"NA"
"707","Ireland","Laois",2020-04-15,6,"NA"
"708","Ireland","Laois",2020-04-16,8,"NA"
"709","Ireland","Laois",2020-04-17,21,"NA"
"710","Ireland","Laois",2020-04-18,2,"NA"
"711","Ireland","Laois",2020-04-19,7,"NA"
"712","Ireland","Laois",2020-04-20,8,"NA"
"713","Ireland","Laois",2020-04-21,7,"NA"
"714","Ireland","Laois",2020-04-22,10,"NA"
"715","Ireland","Laois",2020-04-23,2,"NA"
"716","Ireland","Laois",2020-04-24,1,"NA"
"717","Ireland","Laois",2020-04-25,0,"NA"
"718","Ireland","Laois",2020-04-26,7,"NA"
"719","Ireland","Laois",2020-04-27,4,"NA"
"720","Ireland","Laois",2020-04-28,2,"NA"
"721","Ireland","Laois",2020-04-29,6,"NA"
"722","Ireland","Laois",2020-04-30,6,"NA"
"723","Ireland","Laois",2020-05-01,4,"NA"
"724","Ireland","Laois",2020-05-02,3,"NA"
"725","Ireland","Laois",2020-05-03,1,"NA"
"726","Ireland","Laois",2020-05-04,2,"NA"
"727","Ireland","Leitrim",2020-02-27,0,"NA"
"728","Ireland","Leitrim",2020-03-01,0,"NA"
"729","Ireland","Leitrim",2020-03-02,0,"NA"
"730","Ireland","Leitrim",2020-03-03,0,"NA"
"731","Ireland","Leitrim",2020-03-04,0,"NA"
"732","Ireland","Leitrim",2020-03-05,0,"NA"
"733","Ireland","Leitrim",2020-03-06,0,"NA"
"734","Ireland","Leitrim",2020-03-07,0,"NA"
"735","Ireland","Leitrim",2020-03-08,0,"NA"
"736","Ireland","Leitrim",2020-03-09,0,"NA"
"737","Ireland","Leitrim",2020-03-10,0,"NA"
"738","Ireland","Leitrim",2020-03-11,0,"NA"
"739","Ireland","Leitrim",2020-03-12,0,"NA"
"740","Ireland","Leitrim",2020-03-13,0,"NA"
"741","Ireland","Leitrim",2020-03-14,0,"NA"
"742","Ireland","Leitrim",2020-03-15,0,"NA"
"743","Ireland","Leitrim",2020-03-16,0,"NA"
"744","Ireland","Leitrim",2020-03-17,0,"NA"
"745","Ireland","Leitrim",2020-03-18,0,"NA"
"746","Ireland","Leitrim",2020-03-19,0,"NA"
"747","Ireland","Leitrim",2020-03-20,0,"NA"
"748","Ireland","Leitrim",2020-03-21,3,"NA"
"749","Ireland","Leitrim",2020-03-22,0,"NA"
"750","Ireland","Leitrim",2020-03-23,0,"NA"
"751","Ireland","Leitrim",2020-03-24,0,"NA"
"752","Ireland","Leitrim",2020-03-25,0,"NA"
"753","Ireland","Leitrim",2020-03-26,0,"NA"
"754","Ireland","Leitrim",2020-03-27,0,"NA"
"755","Ireland","Leitrim",2020-03-28,3,"NA"
"756","Ireland","Leitrim",2020-03-29,0,"NA"
"757","Ireland","Leitrim",2020-03-30,4,"NA"
"758","Ireland","Leitrim",2020-03-31,2,"NA"
"759","Ireland","Leitrim",2020-04-01,0,"NA"
"760","Ireland","Leitrim",2020-04-02,1,"NA"
"761","Ireland","Leitrim",2020-04-03,0,"NA"
"762","Ireland","Leitrim",2020-04-04,1,"NA"
"763","Ireland","Leitrim",2020-04-05,4,"NA"
"764","Ireland","Leitrim",2020-04-06,2,"NA"
"765","Ireland","Leitrim",2020-04-07,3,"NA"
"766","Ireland","Leitrim",2020-04-08,2,"NA"
"767","Ireland","Leitrim",2020-04-09,6,"NA"
"768","Ireland","Leitrim",2020-04-10,1,"NA"
"769","Ireland","Leitrim",2020-04-11,0,"NA"
"770","Ireland","Leitrim",2020-04-12,4,"NA"
"771","Ireland","Leitrim",2020-04-13,4,"NA"
"772","Ireland","Leitrim",2020-04-14,3,"NA"
"773","Ireland","Leitrim",2020-04-15,3,"NA"
"774","Ireland","Leitrim",2020-04-16,0,"NA"
"775","Ireland","Leitrim",2020-04-17,1,"NA"
"776","Ireland","Leitrim",2020-04-18,2,"NA"
"777","Ireland","Leitrim",2020-04-19,5,"NA"
"778","Ireland","Leitrim",2020-04-20,1,"NA"
"779","Ireland","Leitrim",2020-04-21,1,"NA"
"780","Ireland","Leitrim",2020-04-22,6,"NA"
"781","Ireland","Leitrim",2020-04-23,0,"NA"
"782","Ireland","Leitrim",2020-04-24,2,"NA"
"783","Ireland","Leitrim",2020-04-25,2,"NA"
"784","Ireland","Leitrim",2020-04-26,1,"NA"
"785","Ireland","Leitrim",2020-04-27,0,"NA"
"786","Ireland","Leitrim",2020-04-28,1,"NA"
"787","Ireland","Leitrim",2020-04-29,0,"NA"
"788","Ireland","Leitrim",2020-04-30,0,"NA"
"789","Ireland","Leitrim",2020-05-01,-1,"NA"
"790","Ireland","Leitrim",2020-05-02,3,"NA"
"791","Ireland","Leitrim",2020-05-03,0,"NA"
"792","Ireland","Leitrim",2020-05-04,0,"NA"
"793","Ireland","Limerick",2020-02-27,0,"NA"
"794","Ireland","Limerick",2020-03-01,0,"NA"
"795","Ireland","Limerick",2020-03-02,0,"NA"
"796","Ireland","Limerick",2020-03-03,0,"NA"
"797","Ireland","Limerick",2020-03-04,0,"NA"
"798","Ireland","Limerick",2020-03-05,0,"NA"
"799","Ireland","Limerick",2020-03-06,0,"NA"
"800","Ireland","Limerick",2020-03-07,0,"NA"
"801","Ireland","Limerick",2020-03-08,0,"NA"
"802","Ireland","Limerick",2020-03-09,0,"NA"
"803","Ireland","Limerick",2020-03-10,0,"NA"
"804","Ireland","Limerick",2020-03-11,0,"NA"
"805","Ireland","Limerick",2020-03-12,0,"NA"
"806","Ireland","Limerick",2020-03-13,0,"NA"
"807","Ireland","Limerick",2020-03-14,0,"NA"
"808","Ireland","Limerick",2020-03-15,0,"NA"
"809","Ireland","Limerick",2020-03-16,0,"NA"
"810","Ireland","Limerick",2020-03-17,0,"NA"
"811","Ireland","Limerick",2020-03-18,0,"NA"
"812","Ireland","Limerick",2020-03-19,0,"NA"
"813","Ireland","Limerick",2020-03-20,0,"NA"
"814","Ireland","Limerick",2020-03-21,18,"NA"
"815","Ireland","Limerick",2020-03-22,1,"NA"
"816","Ireland","Limerick",2020-03-23,0,"NA"
"817","Ireland","Limerick",2020-03-24,5,"NA"
"818","Ireland","Limerick",2020-03-25,12,"NA"
"819","Ireland","Limerick",2020-03-26,10,"NA"
"820","Ireland","Limerick",2020-03-27,9,"NA"
"821","Ireland","Limerick",2020-03-28,9,"NA"
"822","Ireland","Limerick",2020-03-29,3,"NA"
"823","Ireland","Limerick",2020-03-30,20,"NA"
"824","Ireland","Limerick",2020-03-31,7,"NA"
"825","Ireland","Limerick",2020-04-01,2,"NA"
"826","Ireland","Limerick",2020-04-02,20,"NA"
"827","Ireland","Limerick",2020-04-03,12,"NA"
"828","Ireland","Limerick",2020-04-04,12,"NA"
"829","Ireland","Limerick",2020-04-05,3,"NA"
"830","Ireland","Limerick",2020-04-06,17,"NA"
"831","Ireland","Limerick",2020-04-07,13,"NA"
"832","Ireland","Limerick",2020-04-08,13,"NA"
"833","Ireland","Limerick",2020-04-09,36,"NA"
"834","Ireland","Limerick",2020-04-10,12,"NA"
"835","Ireland","Limerick",2020-04-11,18,"NA"
"836","Ireland","Limerick",2020-04-12,13,"NA"
"837","Ireland","Limerick",2020-04-13,20,"NA"
"838","Ireland","Limerick",2020-04-14,22,"NA"
"839","Ireland","Limerick",2020-04-15,36,"NA"
"840","Ireland","Limerick",2020-04-16,39,"NA"
"841","Ireland","Limerick",2020-04-17,2,"NA"
"842","Ireland","Limerick",2020-04-18,17,"NA"
"843","Ireland","Limerick",2020-04-19,8,"NA"
"844","Ireland","Limerick",2020-04-20,6,"NA"
"845","Ireland","Limerick",2020-04-21,5,"NA"
"846","Ireland","Limerick",2020-04-22,19,"NA"
"847","Ireland","Limerick",2020-04-23,2,"NA"
"848","Ireland","Limerick",2020-04-24,1,"NA"
"849","Ireland","Limerick",2020-04-25,15,"NA"
"850","Ireland","Limerick",2020-04-26,61,"NA"
"851","Ireland","Limerick",2020-04-27,14,"NA"
"852","Ireland","Limerick",2020-04-28,3,"NA"
"853","Ireland","Limerick",2020-04-29,13,"NA"
"854","Ireland","Limerick",2020-04-30,16,"NA"
"855","Ireland","Limerick",2020-05-01,16,"NA"
"856","Ireland","Limerick",2020-05-02,3,"NA"
"857","Ireland","Limerick",2020-05-03,2,"NA"
"858","Ireland","Limerick",2020-05-04,6,"NA"
"859","Ireland","Longford",2020-02-27,0,"NA"
"860","Ireland","Longford",2020-03-01,0,"NA"
"861","Ireland","Longford",2020-03-02,0,"NA"
"862","Ireland","Longford",2020-03-03,0,"NA"
"863","Ireland","Longford",2020-03-04,0,"NA"
"864","Ireland","Longford",2020-03-05,0,"NA"
"865","Ireland","Longford",2020-03-06,0,"NA"
"866","Ireland","Longford",2020-03-07,0,"NA"
"867","Ireland","Longford",2020-03-08,0,"NA"
"868","Ireland","Longford",2020-03-09,0,"NA"
"869","Ireland","Longford",2020-03-10,0,"NA"
"870","Ireland","Longford",2020-03-11,0,"NA"
"871","Ireland","Longford",2020-03-12,0,"NA"
"872","Ireland","Longford",2020-03-13,0,"NA"
"873","Ireland","Longford",2020-03-14,0,"NA"
"874","Ireland","Longford",2020-03-15,0,"NA"
"875","Ireland","Longford",2020-03-16,0,"NA"
"876","Ireland","Longford",2020-03-17,0,"NA"
"877","Ireland","Longford",2020-03-18,0,"NA"
"878","Ireland","Longford",2020-03-19,0,"NA"
"879","Ireland","Longford",2020-03-20,0,"NA"
"880","Ireland","Longford",2020-03-21,3,"NA"
"881","Ireland","Longford",2020-03-22,0,"NA"
"882","Ireland","Longford",2020-03-23,1,"NA"
"883","Ireland","Longford",2020-03-24,-1,"NA"
"884","Ireland","Longford",2020-03-25,2,"NA"
"885","Ireland","Longford",2020-03-26,0,"NA"
"886","Ireland","Longford",2020-03-27,5,"NA"
"887","Ireland","Longford",2020-03-28,0,"NA"
"888","Ireland","Longford",2020-03-29,0,"NA"
"889","Ireland","Longford",2020-03-30,2,"NA"
"890","Ireland","Longford",2020-03-31,2,"NA"
"891","Ireland","Longford",2020-04-01,2,"NA"
"892","Ireland","Longford",2020-04-02,1,"NA"
"893","Ireland","Longford",2020-04-03,0,"NA"
"894","Ireland","Longford",2020-04-04,4,"NA"
"895","Ireland","Longford",2020-04-05,4,"NA"
"896","Ireland","Longford",2020-04-06,10,"NA"
"897","Ireland","Longford",2020-04-07,1,"NA"
"898","Ireland","Longford",2020-04-08,5,"NA"
"899","Ireland","Longford",2020-04-09,4,"NA"
"900","Ireland","Longford",2020-04-10,4,"NA"
"901","Ireland","Longford",2020-04-11,7,"NA"
"902","Ireland","Longford",2020-04-12,2,"NA"
"903","Ireland","Longford",2020-04-13,11,"NA"
"904","Ireland","Longford",2020-04-14,8,"NA"
"905","Ireland","Longford",2020-04-15,2,"NA"
"906","Ireland","Longford",2020-04-16,4,"NA"
"907","Ireland","Longford",2020-04-17,5,"NA"
"908","Ireland","Longford",2020-04-18,3,"NA"
"909","Ireland","Longford",2020-04-19,3,"NA"
"910","Ireland","Longford",2020-04-20,7,"NA"
"911","Ireland","Longford",2020-04-21,1,"NA"
"912","Ireland","Longford",2020-04-22,0,"NA"
"913","Ireland","Longford",2020-04-23,11,"NA"
"914","Ireland","Longford",2020-04-24,11,"NA"
"915","Ireland","Longford",2020-04-25,5,"NA"
"916","Ireland","Longford",2020-04-26,6,"NA"
"917","Ireland","Longford",2020-04-27,10,"NA"
"918","Ireland","Longford",2020-04-28,1,"NA"
"919","Ireland","Longford",2020-04-29,3,"NA"
"920","Ireland","Longford",2020-04-30,1,"NA"
"921","Ireland","Longford",2020-05-01,3,"NA"
"922","Ireland","Longford",2020-05-02,60,"NA"
"923","Ireland","Longford",2020-05-03,22,"NA"
"924","Ireland","Longford",2020-05-04,22,"NA"
"925","Ireland","Louth",2020-02-27,0,"NA"
"926","Ireland","Louth",2020-03-01,0,"NA"
"927","Ireland","Louth",2020-03-02,0,"NA"
"928","Ireland","Louth",2020-03-03,0,"NA"
"929","Ireland","Louth",2020-03-04,0,"NA"
"930","Ireland","Louth",2020-03-05,0,"NA"
"931","Ireland","Louth",2020-03-06,0,"NA"
"932","Ireland","Louth",2020-03-07,0,"NA"
"933","Ireland","Louth",2020-03-08,0,"NA"
"934","Ireland","Louth",2020-03-09,0,"NA"
"935","Ireland","Louth",2020-03-10,0,"NA"
"936","Ireland","Louth",2020-03-11,0,"NA"
"937","Ireland","Louth",2020-03-12,0,"NA"
"938","Ireland","Louth",2020-03-13,0,"NA"
"939","Ireland","Louth",2020-03-14,0,"NA"
"940","Ireland","Louth",2020-03-15,0,"NA"
"941","Ireland","Louth",2020-03-16,0,"NA"
"942","Ireland","Louth",2020-03-17,0,"NA"
"943","Ireland","Louth",2020-03-18,0,"NA"
"944","Ireland","Louth",2020-03-19,0,"NA"
"945","Ireland","Louth",2020-03-20,0,"NA"
"946","Ireland","Louth",2020-03-21,13,"NA"
"947","Ireland","Louth",2020-03-22,3,"NA"
"948","Ireland","Louth",2020-03-23,2,"NA"
"949","Ireland","Louth",2020-03-24,2,"NA"
"950","Ireland","Louth",2020-03-25,4,"NA"
"951","Ireland","Louth",2020-03-26,3,"NA"
"952","Ireland","Louth",2020-03-27,7,"NA"
"953","Ireland","Louth",2020-03-28,5,"NA"
"954","Ireland","Louth",2020-03-29,5,"NA"
"955","Ireland","Louth",2020-03-30,7,"NA"
"956","Ireland","Louth",2020-03-31,1,"NA"
"957","Ireland","Louth",2020-04-01,2,"NA"
"958","Ireland","Louth",2020-04-02,1,"NA"
"959","Ireland","Louth",2020-04-03,9,"NA"
"960","Ireland","Louth",2020-04-04,1,"NA"
"961","Ireland","Louth",2020-04-05,20,"NA"
"962","Ireland","Louth",2020-04-06,11,"NA"
"963","Ireland","Louth",2020-04-07,10,"NA"
"964","Ireland","Louth",2020-04-08,10,"NA"
"965","Ireland","Louth",2020-04-09,17,"NA"
"966","Ireland","Louth",2020-04-10,10,"NA"
"967","Ireland","Louth",2020-04-11,52,"NA"
"968","Ireland","Louth",2020-04-12,13,"NA"
"969","Ireland","Louth",2020-04-13,28,"NA"
"970","Ireland","Louth",2020-04-14,114,"NA"
"971","Ireland","Louth",2020-04-15,34,"NA"
"972","Ireland","Louth",2020-04-16,22,"NA"
"973","Ireland","Louth",2020-04-17,-1,"NA"
"974","Ireland","Louth",2020-04-18,32,"NA"
"975","Ireland","Louth",2020-04-19,32,"NA"
"976","Ireland","Louth",2020-04-20,20,"NA"
"977","Ireland","Louth",2020-04-21,17,"NA"
"978","Ireland","Louth",2020-04-22,30,"NA"
"979","Ireland","Louth",2020-04-23,54,"NA"
"980","Ireland","Louth",2020-04-24,7,"NA"
"981","Ireland","Louth",2020-04-25,30,"NA"
"982","Ireland","Louth",2020-04-26,13,"NA"
"983","Ireland","Louth",2020-04-27,12,"NA"
"984","Ireland","Louth",2020-04-28,3,"NA"
"985","Ireland","Louth",2020-04-29,4,"NA"
"986","Ireland","Louth",2020-04-30,8,"NA"
"987","Ireland","Louth",2020-05-01,6,"NA"
"988","Ireland","Louth",2020-05-02,6,"NA"
"989","Ireland","Louth",2020-05-03,6,"NA"
"990","Ireland","Louth",2020-05-04,8,"NA"
"991","Ireland","Mayo",2020-02-27,0,"NA"
"992","Ireland","Mayo",2020-03-01,0,"NA"
"993","Ireland","Mayo",2020-03-02,0,"NA"
"994","Ireland","Mayo",2020-03-03,0,"NA"
"995","Ireland","Mayo",2020-03-04,0,"NA"
"996","Ireland","Mayo",2020-03-05,0,"NA"
"997","Ireland","Mayo",2020-03-06,0,"NA"
"998","Ireland","Mayo",2020-03-07,0,"NA"
"999","Ireland","Mayo",2020-03-08,0,"NA"
"1000","Ireland","Mayo",2020-03-09,0,"NA"
"1001","Ireland","Mayo",2020-03-10,0,"NA"
"1002","Ireland","Mayo",2020-03-11,0,"NA"
"1003","Ireland","Mayo",2020-03-12,0,"NA"
"1004","Ireland","Mayo",2020-03-13,0,"NA"
"1005","Ireland","Mayo",2020-03-14,0,"NA"
"1006","Ireland","Mayo",2020-03-15,0,"NA"
"1007","Ireland","Mayo",2020-03-16,0,"NA"
"1008","Ireland","Mayo",2020-03-17,0,"NA"
"1009","Ireland","Mayo",2020-03-18,0,"NA"
"1010","Ireland","Mayo",2020-03-19,0,"NA"
"1011","Ireland","Mayo",2020-03-20,0,"NA"
"1012","Ireland","Mayo",2020-03-21,6,"NA"
"1013","Ireland","Mayo",2020-03-22,3,"NA"
"1014","Ireland","Mayo",2020-03-23,0,"NA"
"1015","Ireland","Mayo",2020-03-24,5,"NA"
"1016","Ireland","Mayo",2020-03-25,4,"NA"
"1017","Ireland","Mayo",2020-03-26,3,"NA"
"1018","Ireland","Mayo",2020-03-27,5,"NA"
"1019","Ireland","Mayo",2020-03-28,2,"NA"
"1020","Ireland","Mayo",2020-03-29,8,"NA"
"1021","Ireland","Mayo",2020-03-30,12,"NA"
"1022","Ireland","Mayo",2020-03-31,4,"NA"
"1023","Ireland","Mayo",2020-04-01,3,"NA"
"1024","Ireland","Mayo",2020-04-02,8,"NA"
"1025","Ireland","Mayo",2020-04-03,15,"NA"
"1026","Ireland","Mayo",2020-04-04,29,"NA"
"1027","Ireland","Mayo",2020-04-05,19,"NA"
"1028","Ireland","Mayo",2020-04-06,4,"NA"
"1029","Ireland","Mayo",2020-04-07,4,"NA"
"1030","Ireland","Mayo",2020-04-08,19,"NA"
"1031","Ireland","Mayo",2020-04-09,15,"NA"
"1032","Ireland","Mayo",2020-04-10,15,"NA"
"1033","Ireland","Mayo",2020-04-11,11,"NA"
"1034","Ireland","Mayo",2020-04-12,4,"NA"
"1035","Ireland","Mayo",2020-04-13,18,"NA"
"1036","Ireland","Mayo",2020-04-14,33,"NA"
"1037","Ireland","Mayo",2020-04-15,10,"NA"
"1038","Ireland","Mayo",2020-04-16,14,"NA"
"1039","Ireland","Mayo",2020-04-17,39,"NA"
"1040","Ireland","Mayo",2020-04-18,20,"NA"
"1041","Ireland","Mayo",2020-04-19,3,"NA"
"1042","Ireland","Mayo",2020-04-20,4,"NA"
"1043","Ireland","Mayo",2020-04-21,26,"NA"
"1044","Ireland","Mayo",2020-04-22,26,"NA"
"1045","Ireland","Mayo",2020-04-23,4,"NA"
"1046","Ireland","Mayo",2020-04-24,40,"NA"
"1047","Ireland","Mayo",2020-04-25,29,"NA"
"1048","Ireland","Mayo",2020-04-26,2,"NA"
"1049","Ireland","Mayo",2020-04-27,12,"NA"
"1050","Ireland","Mayo",2020-04-28,5,"NA"
"1051","Ireland","Mayo",2020-04-29,2,"NA"
"1052","Ireland","Mayo",2020-04-30,3,"NA"
"1053","Ireland","Mayo",2020-05-01,6,"NA"
"1054","Ireland","Mayo",2020-05-02,7,"NA"
"1055","Ireland","Mayo",2020-05-03,9,"NA"
"1056","Ireland","Mayo",2020-05-04,2,"NA"
"1057","Ireland","Meath",2020-02-27,0,"NA"
"1058","Ireland","Meath",2020-03-01,0,"NA"
"1059","Ireland","Meath",2020-03-02,0,"NA"
"1060","Ireland","Meath",2020-03-03,0,"NA"
"1061","Ireland","Meath",2020-03-04,0,"NA"
"1062","Ireland","Meath",2020-03-05,0,"NA"
"1063","Ireland","Meath",2020-03-06,0,"NA"
"1064","Ireland","Meath",2020-03-07,0,"NA"
"1065","Ireland","Meath",2020-03-08,0,"NA"
"1066","Ireland","Meath",2020-03-09,0,"NA"
"1067","Ireland","Meath",2020-03-10,0,"NA"
"1068","Ireland","Meath",2020-03-11,0,"NA"
"1069","Ireland","Meath",2020-03-12,0,"NA"
"1070","Ireland","Meath",2020-03-13,0,"NA"
"1071","Ireland","Meath",2020-03-14,0,"NA"
"1072","Ireland","Meath",2020-03-15,0,"NA"
"1073","Ireland","Meath",2020-03-16,0,"NA"
"1074","Ireland","Meath",2020-03-17,0,"NA"
"1075","Ireland","Meath",2020-03-18,0,"NA"
"1076","Ireland","Meath",2020-03-19,0,"NA"
"1077","Ireland","Meath",2020-03-20,0,"NA"
"1078","Ireland","Meath",2020-03-21,13,"NA"
"1079","Ireland","Meath",2020-03-22,3,"NA"
"1080","Ireland","Meath",2020-03-23,8,"NA"
"1081","Ireland","Meath",2020-03-24,3,"NA"
"1082","Ireland","Meath",2020-03-25,6,"NA"
"1083","Ireland","Meath",2020-03-26,8,"NA"
"1084","Ireland","Meath",2020-03-27,5,"NA"
"1085","Ireland","Meath",2020-03-28,1,"NA"
"1086","Ireland","Meath",2020-03-29,7,"NA"
"1087","Ireland","Meath",2020-03-30,12,"NA"
"1088","Ireland","Meath",2020-03-31,8,"NA"
"1089","Ireland","Meath",2020-04-01,14,"NA"
"1090","Ireland","Meath",2020-04-02,5,"NA"
"1091","Ireland","Meath",2020-04-03,13,"NA"
"1092","Ireland","Meath",2020-04-04,35,"NA"
"1093","Ireland","Meath",2020-04-05,27,"NA"
"1094","Ireland","Meath",2020-04-06,15,"NA"
"1095","Ireland","Meath",2020-04-07,15,"NA"
"1096","Ireland","Meath",2020-04-08,8,"NA"
"1097","Ireland","Meath",2020-04-09,24,"NA"
"1098","Ireland","Meath",2020-04-10,19,"NA"
"1099","Ireland","Meath",2020-04-11,40,"NA"
"1100","Ireland","Meath",2020-04-12,53,"NA"
"1101","Ireland","Meath",2020-04-13,27,"NA"
"1102","Ireland","Meath",2020-04-14,36,"NA"
"1103","Ireland","Meath",2020-04-15,16,"NA"
"1104","Ireland","Meath",2020-04-16,40,"NA"
"1105","Ireland","Meath",2020-04-17,39,"NA"
"1106","Ireland","Meath",2020-04-18,13,"NA"
"1107","Ireland","Meath",2020-04-19,9,"NA"
"1108","Ireland","Meath",2020-04-20,17,"NA"
"1109","Ireland","Meath",2020-04-21,11,"NA"
"1110","Ireland","Meath",2020-04-22,18,"NA"
"1111","Ireland","Meath",2020-04-23,10,"NA"
"1112","Ireland","Meath",2020-04-24,35,"NA"
"1113","Ireland","Meath",2020-04-25,13,"NA"
"1114","Ireland","Meath",2020-04-26,12,"NA"
"1115","Ireland","Meath",2020-04-27,23,"NA"
"1116","Ireland","Meath",2020-04-28,10,"NA"
"1117","Ireland","Meath",2020-04-29,10,"NA"
"1118","Ireland","Meath",2020-04-30,6,"NA"
"1119","Ireland","Meath",2020-05-01,12,"NA"
"1120","Ireland","Meath",2020-05-02,14,"NA"
"1121","Ireland","Meath",2020-05-03,4,"NA"
"1122","Ireland","Meath",2020-05-04,5,"NA"
"1123","Ireland","Monaghan",2020-02-27,0,"NA"
"1124","Ireland","Monaghan",2020-03-01,0,"NA"
"1125","Ireland","Monaghan",2020-03-02,0,"NA"
"1126","Ireland","Monaghan",2020-03-03,0,"NA"
"1127","Ireland","Monaghan",2020-03-04,0,"NA"
"1128","Ireland","Monaghan",2020-03-05,0,"NA"
"1129","Ireland","Monaghan",2020-03-06,0,"NA"
"1130","Ireland","Monaghan",2020-03-07,0,"NA"
"1131","Ireland","Monaghan",2020-03-08,0,"NA"
"1132","Ireland","Monaghan",2020-03-09,0,"NA"
"1133","Ireland","Monaghan",2020-03-10,0,"NA"
"1134","Ireland","Monaghan",2020-03-11,0,"NA"
"1135","Ireland","Monaghan",2020-03-12,0,"NA"
"1136","Ireland","Monaghan",2020-03-13,0,"NA"
"1137","Ireland","Monaghan",2020-03-14,0,"NA"
"1138","Ireland","Monaghan",2020-03-15,0,"NA"
"1139","Ireland","Monaghan",2020-03-16,0,"NA"
"1140","Ireland","Monaghan",2020-03-17,0,"NA"
"1141","Ireland","Monaghan",2020-03-18,0,"NA"
"1142","Ireland","Monaghan",2020-03-19,0,"NA"
"1143","Ireland","Monaghan",2020-03-20,0,"NA"
"1144","Ireland","Monaghan",2020-03-21,3,"NA"
"1145","Ireland","Monaghan",2020-03-22,0,"NA"
"1146","Ireland","Monaghan",2020-03-23,0,"NA"
"1147","Ireland","Monaghan",2020-03-24,0,"NA"
"1148","Ireland","Monaghan",2020-03-25,2,"NA"
"1149","Ireland","Monaghan",2020-03-26,3,"NA"
"1150","Ireland","Monaghan",2020-03-27,3,"NA"
"1151","Ireland","Monaghan",2020-03-28,1,"NA"
"1152","Ireland","Monaghan",2020-03-29,1,"NA"
"1153","Ireland","Monaghan",2020-03-30,0,"NA"
"1154","Ireland","Monaghan",2020-03-31,4,"NA"
"1155","Ireland","Monaghan",2020-04-01,1,"NA"
"1156","Ireland","Monaghan",2020-04-02,2,"NA"
"1157","Ireland","Monaghan",2020-04-03,3,"NA"
"1158","Ireland","Monaghan",2020-04-04,29,"NA"
"1159","Ireland","Monaghan",2020-04-05,6,"NA"
"1160","Ireland","Monaghan",2020-04-06,4,"NA"
"1161","Ireland","Monaghan",2020-04-07,1,"NA"
"1162","Ireland","Monaghan",2020-04-08,6,"NA"
"1163","Ireland","Monaghan",2020-04-09,12,"NA"
"1164","Ireland","Monaghan",2020-04-10,7,"NA"
"1165","Ireland","Monaghan",2020-04-11,7,"NA"
"1166","Ireland","Monaghan",2020-04-12,28,"NA"
"1167","Ireland","Monaghan",2020-04-13,24,"NA"
"1168","Ireland","Monaghan",2020-04-14,14,"NA"
"1169","Ireland","Monaghan",2020-04-15,5,"NA"
"1170","Ireland","Monaghan",2020-04-16,4,"NA"
"1171","Ireland","Monaghan",2020-04-17,4,"NA"
"1172","Ireland","Monaghan",2020-04-18,13,"NA"
"1173","Ireland","Monaghan",2020-04-19,12,"NA"
"1174","Ireland","Monaghan",2020-04-20,21,"NA"
"1175","Ireland","Monaghan",2020-04-21,29,"NA"
"1176","Ireland","Monaghan",2020-04-22,69,"NA"
"1177","Ireland","Monaghan",2020-04-23,9,"NA"
"1178","Ireland","Monaghan",2020-04-24,23,"NA"
"1179","Ireland","Monaghan",2020-04-25,23,"NA"
"1180","Ireland","Monaghan",2020-04-26,12,"NA"
"1181","Ireland","Monaghan",2020-04-27,3,"NA"
"1182","Ireland","Monaghan",2020-04-28,5,"NA"
"1183","Ireland","Monaghan",2020-04-29,6,"NA"
"1184","Ireland","Monaghan",2020-04-30,4,"NA"
"1185","Ireland","Monaghan",2020-05-01,6,"NA"
"1186","Ireland","Monaghan",2020-05-02,14,"NA"
"1187","Ireland","Monaghan",2020-05-03,6,"NA"
"1188","Ireland","Monaghan",2020-05-04,3,"NA"
"1189","Ireland","Offaly",2020-02-27,0,"NA"
"1190","Ireland","Offaly",2020-03-01,0,"NA"
"1191","Ireland","Offaly",2020-03-02,0,"NA"
"1192","Ireland","Offaly",2020-03-03,0,"NA"
"1193","Ireland","Offaly",2020-03-04,0,"NA"
"1194","Ireland","Offaly",2020-03-05,0,"NA"
"1195","Ireland","Offaly",2020-03-06,0,"NA"
"1196","Ireland","Offaly",2020-03-07,0,"NA"
"1197","Ireland","Offaly",2020-03-08,0,"NA"
"1198","Ireland","Offaly",2020-03-09,0,"NA"
"1199","Ireland","Offaly",2020-03-10,0,"NA"
"1200","Ireland","Offaly",2020-03-11,0,"NA"
"1201","Ireland","Offaly",2020-03-12,0,"NA"
"1202","Ireland","Offaly",2020-03-13,0,"NA"
"1203","Ireland","Offaly",2020-03-14,0,"NA"
"1204","Ireland","Offaly",2020-03-15,0,"NA"
"1205","Ireland","Offaly",2020-03-16,0,"NA"
"1206","Ireland","Offaly",2020-03-17,0,"NA"
"1207","Ireland","Offaly",2020-03-18,0,"NA"
"1208","Ireland","Offaly",2020-03-19,0,"NA"
"1209","Ireland","Offaly",2020-03-20,0,"NA"
"1210","Ireland","Offaly",2020-03-21,10,"NA"
"1211","Ireland","Offaly",2020-03-22,3,"NA"
"1212","Ireland","Offaly",2020-03-23,0,"NA"
"1213","Ireland","Offaly",2020-03-24,3,"NA"
"1214","Ireland","Offaly",2020-03-25,3,"NA"
"1215","Ireland","Offaly",2020-03-26,3,"NA"
"1216","Ireland","Offaly",2020-03-27,7,"NA"
"1217","Ireland","Offaly",2020-03-28,5,"NA"
"1218","Ireland","Offaly",2020-03-29,0,"NA"
"1219","Ireland","Offaly",2020-03-30,6,"NA"
"1220","Ireland","Offaly",2020-03-31,6,"NA"
"1221","Ireland","Offaly",2020-04-01,1,"NA"
"1222","Ireland","Offaly",2020-04-02,16,"NA"
"1223","Ireland","Offaly",2020-04-03,1,"NA"
"1224","Ireland","Offaly",2020-04-04,2,"NA"
"1225","Ireland","Offaly",2020-04-05,7,"NA"
"1226","Ireland","Offaly",2020-04-06,4,"NA"
"1227","Ireland","Offaly",2020-04-07,4,"NA"
"1228","Ireland","Offaly",2020-04-08,7,"NA"
"1229","Ireland","Offaly",2020-04-09,16,"NA"
"1230","Ireland","Offaly",2020-04-10,15,"NA"
"1231","Ireland","Offaly",2020-04-11,14,"NA"
"1232","Ireland","Offaly",2020-04-12,11,"NA"
"1233","Ireland","Offaly",2020-04-13,6,"NA"
"1234","Ireland","Offaly",2020-04-14,13,"NA"
"1235","Ireland","Offaly",2020-04-15,8,"NA"
"1236","Ireland","Offaly",2020-04-16,6,"NA"
"1237","Ireland","Offaly",2020-04-17,10,"NA"
"1238","Ireland","Offaly",2020-04-18,3,"NA"
"1239","Ireland","Offaly",2020-04-19,5,"NA"
"1240","Ireland","Offaly",2020-04-20,3,"NA"
"1241","Ireland","Offaly",2020-04-21,7,"NA"
"1242","Ireland","Offaly",2020-04-22,12,"NA"
"1243","Ireland","Offaly",2020-04-23,5,"NA"
"1244","Ireland","Offaly",2020-04-24,3,"NA"
"1245","Ireland","Offaly",2020-04-25,3,"NA"
"1246","Ireland","Offaly",2020-04-26,8,"NA"
"1247","Ireland","Offaly",2020-04-27,28,"NA"
"1248","Ireland","Offaly",2020-04-28,18,"NA"
"1249","Ireland","Offaly",2020-04-29,2,"NA"
"1250","Ireland","Offaly",2020-04-30,9,"NA"
"1251","Ireland","Offaly",2020-05-01,12,"NA"
"1252","Ireland","Offaly",2020-05-02,9,"NA"
"1253","Ireland","Offaly",2020-05-03,3,"NA"
"1254","Ireland","Offaly",2020-05-04,22,"NA"
"1255","Ireland","Roscommon",2020-02-27,0,"NA"
"1256","Ireland","Roscommon",2020-03-01,0,"NA"
"1257","Ireland","Roscommon",2020-03-02,0,"NA"
"1258","Ireland","Roscommon",2020-03-03,0,"NA"
"1259","Ireland","Roscommon",2020-03-04,0,"NA"
"1260","Ireland","Roscommon",2020-03-05,0,"NA"
"1261","Ireland","Roscommon",2020-03-06,0,"NA"
"1262","Ireland","Roscommon",2020-03-07,0,"NA"
"1263","Ireland","Roscommon",2020-03-08,0,"NA"
"1264","Ireland","Roscommon",2020-03-09,0,"NA"
"1265","Ireland","Roscommon",2020-03-10,0,"NA"
"1266","Ireland","Roscommon",2020-03-11,0,"NA"
"1267","Ireland","Roscommon",2020-03-12,0,"NA"
"1268","Ireland","Roscommon",2020-03-13,0,"NA"
"1269","Ireland","Roscommon",2020-03-14,0,"NA"
"1270","Ireland","Roscommon",2020-03-15,0,"NA"
"1271","Ireland","Roscommon",2020-03-16,0,"NA"
"1272","Ireland","Roscommon",2020-03-17,0,"NA"
"1273","Ireland","Roscommon",2020-03-18,0,"NA"
"1274","Ireland","Roscommon",2020-03-19,0,"NA"
"1275","Ireland","Roscommon",2020-03-20,0,"NA"
"1276","Ireland","Roscommon",2020-03-21,3,"NA"
"1277","Ireland","Roscommon",2020-03-22,0,"NA"
"1278","Ireland","Roscommon",2020-03-23,0,"NA"
"1279","Ireland","Roscommon",2020-03-24,2,"NA"
"1280","Ireland","Roscommon",2020-03-25,2,"NA"
"1281","Ireland","Roscommon",2020-03-26,1,"NA"
"1282","Ireland","Roscommon",2020-03-27,2,"NA"
"1283","Ireland","Roscommon",2020-03-28,0,"NA"
"1284","Ireland","Roscommon",2020-03-29,0,"NA"
"1285","Ireland","Roscommon",2020-03-30,0,"NA"
"1286","Ireland","Roscommon",2020-03-31,0,"NA"
"1287","Ireland","Roscommon",2020-04-01,3,"NA"
"1288","Ireland","Roscommon",2020-04-02,0,"NA"
"1289","Ireland","Roscommon",2020-04-03,2,"NA"
"1290","Ireland","Roscommon",2020-04-04,3,"NA"
"1291","Ireland","Roscommon",2020-04-05,4,"NA"
"1292","Ireland","Roscommon",2020-04-06,0,"NA"
"1293","Ireland","Roscommon",2020-04-07,0,"NA"
"1294","Ireland","Roscommon",2020-04-08,4,"NA"
"1295","Ireland","Roscommon",2020-04-09,1,"NA"
"1296","Ireland","Roscommon",2020-04-10,4,"NA"
"1297","Ireland","Roscommon",2020-04-11,8,"NA"
"1298","Ireland","Roscommon",2020-04-12,9,"NA"
"1299","Ireland","Roscommon",2020-04-13,2,"NA"
"1300","Ireland","Roscommon",2020-04-14,7,"NA"
"1301","Ireland","Roscommon",2020-04-15,4,"NA"
"1302","Ireland","Roscommon",2020-04-16,13,"NA"
"1303","Ireland","Roscommon",2020-04-17,2,"NA"
"1304","Ireland","Roscommon",2020-04-18,15,"NA"
"1305","Ireland","Roscommon",2020-04-19,0,"NA"
"1306","Ireland","Roscommon",2020-04-20,0,"NA"
"1307","Ireland","Roscommon",2020-04-21,1,"NA"
"1308","Ireland","Roscommon",2020-04-22,19,"NA"
"1309","Ireland","Roscommon",2020-04-23,3,"NA"
"1310","Ireland","Roscommon",2020-04-24,2,"NA"
"1311","Ireland","Roscommon",2020-04-25,19,"NA"
"1312","Ireland","Roscommon",2020-04-26,6,"NA"
"1313","Ireland","Roscommon",2020-04-27,7,"NA"
"1314","Ireland","Roscommon",2020-04-28,2,"NA"
"1315","Ireland","Roscommon",2020-04-29,1,"NA"
"1316","Ireland","Roscommon",2020-04-30,9,"NA"
"1317","Ireland","Roscommon",2020-05-01,14,"NA"
"1318","Ireland","Roscommon",2020-05-02,0,"NA"
"1319","Ireland","Roscommon",2020-05-03,7,"NA"
"1320","Ireland","Roscommon",2020-05-04,31,"NA"
"1321","Ireland","Sligo",2020-02-27,0,"NA"
"1322","Ireland","Sligo",2020-03-01,0,"NA"
"1323","Ireland","Sligo",2020-03-02,0,"NA"
"1324","Ireland","Sligo",2020-03-03,0,"NA"
"1325","Ireland","Sligo",2020-03-04,0,"NA"
"1326","Ireland","Sligo",2020-03-05,0,"NA"
"1327","Ireland","Sligo",2020-03-06,0,"NA"
"1328","Ireland","Sligo",2020-03-07,0,"NA"
"1329","Ireland","Sligo",2020-03-08,0,"NA"
"1330","Ireland","Sligo",2020-03-09,0,"NA"
"1331","Ireland","Sligo",2020-03-10,0,"NA"
"1332","Ireland","Sligo",2020-03-11,0,"NA"
"1333","Ireland","Sligo",2020-03-12,0,"NA"
"1334","Ireland","Sligo",2020-03-13,0,"NA"
"1335","Ireland","Sligo",2020-03-14,0,"NA"
"1336","Ireland","Sligo",2020-03-15,0,"NA"
"1337","Ireland","Sligo",2020-03-16,0,"NA"
"1338","Ireland","Sligo",2020-03-17,0,"NA"
"1339","Ireland","Sligo",2020-03-18,0,"NA"
"1340","Ireland","Sligo",2020-03-19,0,"NA"
"1341","Ireland","Sligo",2020-03-20,0,"NA"
"1342","Ireland","Sligo",2020-03-21,8,"NA"
"1343","Ireland","Sligo",2020-03-22,0,"NA"
"1344","Ireland","Sligo",2020-03-23,0,"NA"
"1345","Ireland","Sligo",2020-03-24,0,"NA"
"1346","Ireland","Sligo",2020-03-25,0,"NA"
"1347","Ireland","Sligo",2020-03-26,2,"NA"
"1348","Ireland","Sligo",2020-03-27,2,"NA"
"1349","Ireland","Sligo",2020-03-28,7,"NA"
"1350","Ireland","Sligo",2020-03-29,0,"NA"
"1351","Ireland","Sligo",2020-03-30,3,"NA"
"1352","Ireland","Sligo",2020-03-31,3,"NA"
"1353","Ireland","Sligo",2020-04-01,1,"NA"
"1354","Ireland","Sligo",2020-04-02,1,"NA"
"1355","Ireland","Sligo",2020-04-03,1,"NA"
"1356","Ireland","Sligo",2020-04-04,0,"NA"
"1357","Ireland","Sligo",2020-04-05,0,"NA"
"1358","Ireland","Sligo",2020-04-06,0,"NA"
"1359","Ireland","Sligo",2020-04-07,0,"NA"
"1360","Ireland","Sligo",2020-04-08,3,"NA"
"1361","Ireland","Sligo",2020-04-09,8,"NA"
"1362","Ireland","Sligo",2020-04-10,6,"NA"
"1363","Ireland","Sligo",2020-04-11,0,"NA"
"1364","Ireland","Sligo",2020-04-12,7,"NA"
"1365","Ireland","Sligo",2020-04-13,10,"NA"
"1366","Ireland","Sligo",2020-04-14,4,"NA"
"1367","Ireland","Sligo",2020-04-15,3,"NA"
"1368","Ireland","Sligo",2020-04-16,1,"NA"
"1369","Ireland","Sligo",2020-04-17,6,"NA"
"1370","Ireland","Sligo",2020-04-18,2,"NA"
"1371","Ireland","Sligo",2020-04-19,15,"NA"
"1372","Ireland","Sligo",2020-04-20,4,"NA"
"1373","Ireland","Sligo",2020-04-21,1,"NA"
"1374","Ireland","Sligo",2020-04-22,7,"NA"
"1375","Ireland","Sligo",2020-04-23,-1,"NA"
"1376","Ireland","Sligo",2020-04-24,0,"NA"
"1377","Ireland","Sligo",2020-04-25,10,"NA"
"1378","Ireland","Sligo",2020-04-26,3,"NA"
"1379","Ireland","Sligo",2020-04-27,-1,"NA"
"1380","Ireland","Sligo",2020-04-28,0,"NA"
"1381","Ireland","Sligo",2020-04-29,0,"NA"
"1382","Ireland","Sligo",2020-04-30,2,"NA"
"1383","Ireland","Sligo",2020-05-01,-1,"NA"
"1384","Ireland","Sligo",2020-05-02,2,"NA"
"1385","Ireland","Sligo",2020-05-03,1,"NA"
"1386","Ireland","Sligo",2020-05-04,1,"NA"
"1387","Ireland","Tipperary",2020-02-27,0,"NA"
"1388","Ireland","Tipperary",2020-03-01,0,"NA"
"1389","Ireland","Tipperary",2020-03-02,0,"NA"
"1390","Ireland","Tipperary",2020-03-03,0,"NA"
"1391","Ireland","Tipperary",2020-03-04,0,"NA"
"1392","Ireland","Tipperary",2020-03-05,0,"NA"
"1393","Ireland","Tipperary",2020-03-06,0,"NA"
"1394","Ireland","Tipperary",2020-03-07,0,"NA"
"1395","Ireland","Tipperary",2020-03-08,0,"NA"
"1396","Ireland","Tipperary",2020-03-09,0,"NA"
"1397","Ireland","Tipperary",2020-03-10,0,"NA"
"1398","Ireland","Tipperary",2020-03-11,0,"NA"
"1399","Ireland","Tipperary",2020-03-12,0,"NA"
"1400","Ireland","Tipperary",2020-03-13,0,"NA"
"1401","Ireland","Tipperary",2020-03-14,0,"NA"
"1402","Ireland","Tipperary",2020-03-15,0,"NA"
"1403","Ireland","Tipperary",2020-03-16,0,"NA"
"1404","Ireland","Tipperary",2020-03-17,0,"NA"
"1405","Ireland","Tipperary",2020-03-18,0,"NA"
"1406","Ireland","Tipperary",2020-03-19,0,"NA"
"1407","Ireland","Tipperary",2020-03-20,0,"NA"
"1408","Ireland","Tipperary",2020-03-21,20,"NA"
"1409","Ireland","Tipperary",2020-03-22,0,"NA"
"1410","Ireland","Tipperary",2020-03-23,0,"NA"
"1411","Ireland","Tipperary",2020-03-24,7,"NA"
"1412","Ireland","Tipperary",2020-03-25,7,"NA"
"1413","Ireland","Tipperary",2020-03-26,10,"NA"
"1414","Ireland","Tipperary",2020-03-27,9,"NA"
"1415","Ireland","Tipperary",2020-03-28,9,"NA"
"1416","Ireland","Tipperary",2020-03-29,9,"NA"
"1417","Ireland","Tipperary",2020-03-30,14,"NA"
"1418","Ireland","Tipperary",2020-03-31,6,"NA"
"1419","Ireland","Tipperary",2020-04-01,3,"NA"
"1420","Ireland","Tipperary",2020-04-02,11,"NA"
"1421","Ireland","Tipperary",2020-04-03,13,"NA"
"1422","Ireland","Tipperary",2020-04-04,7,"NA"
"1423","Ireland","Tipperary",2020-04-05,8,"NA"
"1424","Ireland","Tipperary",2020-04-06,4,"NA"
"1425","Ireland","Tipperary",2020-04-07,3,"NA"
"1426","Ireland","Tipperary",2020-04-08,11,"NA"
"1427","Ireland","Tipperary",2020-04-09,15,"NA"
"1428","Ireland","Tipperary",2020-04-10,9,"NA"
"1429","Ireland","Tipperary",2020-04-11,25,"NA"
"1430","Ireland","Tipperary",2020-04-12,19,"NA"
"1431","Ireland","Tipperary",2020-04-13,18,"NA"
"1432","Ireland","Tipperary",2020-04-14,14,"NA"
"1433","Ireland","Tipperary",2020-04-15,19,"NA"
"1434","Ireland","Tipperary",2020-04-16,13,"NA"
"1435","Ireland","Tipperary",2020-04-17,9,"NA"
"1436","Ireland","Tipperary",2020-04-18,8,"NA"
"1437","Ireland","Tipperary",2020-04-19,6,"NA"
"1438","Ireland","Tipperary",2020-04-20,14,"NA"
"1439","Ireland","Tipperary",2020-04-21,7,"NA"
"1440","Ireland","Tipperary",2020-04-22,16,"NA"
"1441","Ireland","Tipperary",2020-04-23,2,"NA"
"1442","Ireland","Tipperary",2020-04-24,1,"NA"
"1443","Ireland","Tipperary",2020-04-25,18,"NA"
"1444","Ireland","Tipperary",2020-04-26,6,"NA"
"1445","Ireland","Tipperary",2020-04-27,19,"NA"
"1446","Ireland","Tipperary",2020-04-28,26,"NA"
"1447","Ireland","Tipperary",2020-04-29,53,"NA"
"1448","Ireland","Tipperary",2020-04-30,5,"NA"
"1449","Ireland","Tipperary",2020-05-01,5,"NA"
"1450","Ireland","Tipperary",2020-05-02,1,"NA"
"1451","Ireland","Tipperary",2020-05-03,7,"NA"
"1452","Ireland","Tipperary",2020-05-04,15,"NA"
"1453","Ireland","Waterford",2020-02-27,0,"NA"
"1454","Ireland","Waterford",2020-03-01,0,"NA"
"1455","Ireland","Waterford",2020-03-02,0,"NA"
"1456","Ireland","Waterford",2020-03-03,0,"NA"
"1457","Ireland","Waterford",2020-03-04,0,"NA"
"1458","Ireland","Waterford",2020-03-05,0,"NA"
"1459","Ireland","Waterford",2020-03-06,0,"NA"
"1460","Ireland","Waterford",2020-03-07,0,"NA"
"1461","Ireland","Waterford",2020-03-08,0,"NA"
"1462","Ireland","Waterford",2020-03-09,0,"NA"
"1463","Ireland","Waterford",2020-03-10,0,"NA"
"1464","Ireland","Waterford",2020-03-11,0,"NA"
"1465","Ireland","Waterford",2020-03-12,0,"NA"
"1466","Ireland","Waterford",2020-03-13,0,"NA"
"1467","Ireland","Waterford",2020-03-14,0,"NA"
"1468","Ireland","Waterford",2020-03-15,0,"NA"
"1469","Ireland","Waterford",2020-03-16,0,"NA"
"1470","Ireland","Waterford",2020-03-17,0,"NA"
"1471","Ireland","Waterford",2020-03-18,0,"NA"
"1472","Ireland","Waterford",2020-03-19,0,"NA"
"1473","Ireland","Waterford",2020-03-20,0,"NA"
"1474","Ireland","Waterford",2020-03-21,9,"NA"
"1475","Ireland","Waterford",2020-03-22,4,"NA"
"1476","Ireland","Waterford",2020-03-23,2,"NA"
"1477","Ireland","Waterford",2020-03-24,7,"NA"
"1478","Ireland","Waterford",2020-03-25,3,"NA"
"1479","Ireland","Waterford",2020-03-26,4,"NA"
"1480","Ireland","Waterford",2020-03-27,2,"NA"
"1481","Ireland","Waterford",2020-03-28,3,"NA"
"1482","Ireland","Waterford",2020-03-29,-1,"NA"
"1483","Ireland","Waterford",2020-03-30,4,"NA"
"1484","Ireland","Waterford",2020-03-31,1,"NA"
"1485","Ireland","Waterford",2020-04-01,5,"NA"
"1486","Ireland","Waterford",2020-04-02,0,"NA"
"1487","Ireland","Waterford",2020-04-03,3,"NA"
"1488","Ireland","Waterford",2020-04-04,3,"NA"
"1489","Ireland","Waterford",2020-04-05,0,"NA"
"1490","Ireland","Waterford",2020-04-06,3,"NA"
"1491","Ireland","Waterford",2020-04-07,4,"NA"
"1492","Ireland","Waterford",2020-04-08,4,"NA"
"1493","Ireland","Waterford",2020-04-09,3,"NA"
"1494","Ireland","Waterford",2020-04-10,4,"NA"
"1495","Ireland","Waterford",2020-04-11,6,"NA"
"1496","Ireland","Waterford",2020-04-12,8,"NA"
"1497","Ireland","Waterford",2020-04-13,9,"NA"
"1498","Ireland","Waterford",2020-04-14,11,"NA"
"1499","Ireland","Waterford",2020-04-15,1,"NA"
"1500","Ireland","Waterford",2020-04-16,8,"NA"
"1501","Ireland","Waterford",2020-04-17,2,"NA"
"1502","Ireland","Waterford",2020-04-18,1,"NA"
"1503","Ireland","Waterford",2020-04-19,4,"NA"
"1504","Ireland","Waterford",2020-04-20,2,"NA"
"1505","Ireland","Waterford",2020-04-21,3,"NA"
"1506","Ireland","Waterford",2020-04-22,0,"NA"
"1507","Ireland","Waterford",2020-04-23,7,"NA"
"1508","Ireland","Waterford",2020-04-24,6,"NA"
"1509","Ireland","Waterford",2020-04-25,2,"NA"
"1510","Ireland","Waterford",2020-04-26,1,"NA"
"1511","Ireland","Waterford",2020-04-27,-1,"NA"
"1512","Ireland","Waterford",2020-04-28,0,"NA"
"1513","Ireland","Waterford",2020-04-29,1,"NA"
"1514","Ireland","Waterford",2020-04-30,0,"NA"
"1515","Ireland","Waterford",2020-05-01,1,"NA"
"1516","Ireland","Waterford",2020-05-02,1,"NA"
"1517","Ireland","Waterford",2020-05-03,-1,"NA"
"1518","Ireland","Waterford",2020-05-04,0,"NA"
"1519","Ireland","Westmeath",2020-02-27,0,"NA"
"1520","Ireland","Westmeath",2020-03-01,0,"NA"
"1521","Ireland","Westmeath",2020-03-02,0,"NA"
"1522","Ireland","Westmeath",2020-03-03,0,"NA"
"1523","Ireland","Westmeath",2020-03-04,0,"NA"
"1524","Ireland","Westmeath",2020-03-05,0,"NA"
"1525","Ireland","Westmeath",2020-03-06,0,"NA"
"1526","Ireland","Westmeath",2020-03-07,0,"NA"
"1527","Ireland","Westmeath",2020-03-08,0,"NA"
"1528","Ireland","Westmeath",2020-03-09,0,"NA"
"1529","Ireland","Westmeath",2020-03-10,0,"NA"
"1530","Ireland","Westmeath",2020-03-11,0,"NA"
"1531","Ireland","Westmeath",2020-03-12,0,"NA"
"1532","Ireland","Westmeath",2020-03-13,0,"NA"
"1533","Ireland","Westmeath",2020-03-14,0,"NA"
"1534","Ireland","Westmeath",2020-03-15,0,"NA"
"1535","Ireland","Westmeath",2020-03-16,0,"NA"
"1536","Ireland","Westmeath",2020-03-17,0,"NA"
"1537","Ireland","Westmeath",2020-03-18,0,"NA"
"1538","Ireland","Westmeath",2020-03-19,0,"NA"
"1539","Ireland","Westmeath",2020-03-20,0,"NA"
"1540","Ireland","Westmeath",2020-03-21,20,"NA"
"1541","Ireland","Westmeath",2020-03-22,1,"NA"
"1542","Ireland","Westmeath",2020-03-23,4,"NA"
"1543","Ireland","Westmeath",2020-03-24,4,"NA"
"1544","Ireland","Westmeath",2020-03-25,10,"NA"
"1545","Ireland","Westmeath",2020-03-26,13,"NA"
"1546","Ireland","Westmeath",2020-03-27,15,"NA"
"1547","Ireland","Westmeath",2020-03-28,3,"NA"
"1548","Ireland","Westmeath",2020-03-29,7,"NA"
"1549","Ireland","Westmeath",2020-03-30,3,"NA"
"1550","Ireland","Westmeath",2020-03-31,1,"NA"
"1551","Ireland","Westmeath",2020-04-01,5,"NA"
"1552","Ireland","Westmeath",2020-04-02,6,"NA"
"1553","Ireland","Westmeath",2020-04-03,2,"NA"
"1554","Ireland","Westmeath",2020-04-04,13,"NA"
"1555","Ireland","Westmeath",2020-04-05,14,"NA"
"1556","Ireland","Westmeath",2020-04-06,13,"NA"
"1557","Ireland","Westmeath",2020-04-07,8,"NA"
"1558","Ireland","Westmeath",2020-04-08,10,"NA"
"1559","Ireland","Westmeath",2020-04-09,29,"NA"
"1560","Ireland","Westmeath",2020-04-10,11,"NA"
"1561","Ireland","Westmeath",2020-04-11,21,"NA"
"1562","Ireland","Westmeath",2020-04-12,21,"NA"
"1563","Ireland","Westmeath",2020-04-13,24,"NA"
"1564","Ireland","Westmeath",2020-04-14,51,"NA"
"1565","Ireland","Westmeath",2020-04-15,9,"NA"
"1566","Ireland","Westmeath",2020-04-16,14,"NA"
"1567","Ireland","Westmeath",2020-04-17,26,"NA"
"1568","Ireland","Westmeath",2020-04-18,11,"NA"
"1569","Ireland","Westmeath",2020-04-19,8,"NA"
"1570","Ireland","Westmeath",2020-04-20,9,"NA"
"1571","Ireland","Westmeath",2020-04-21,9,"NA"
"1572","Ireland","Westmeath",2020-04-22,14,"NA"
"1573","Ireland","Westmeath",2020-04-23,12,"NA"
"1574","Ireland","Westmeath",2020-04-24,16,"NA"
"1575","Ireland","Westmeath",2020-04-25,9,"NA"
"1576","Ireland","Westmeath",2020-04-26,2,"NA"
"1577","Ireland","Westmeath",2020-04-27,13,"NA"
"1578","Ireland","Westmeath",2020-04-28,13,"NA"
"1579","Ireland","Westmeath",2020-04-29,13,"NA"
"1580","Ireland","Westmeath",2020-04-30,13,"NA"
"1581","Ireland","Westmeath",2020-05-01,9,"NA"
"1582","Ireland","Westmeath",2020-05-02,31,"NA"
"1583","Ireland","Westmeath",2020-05-03,7,"NA"
"1584","Ireland","Westmeath",2020-05-04,7,"NA"
"1585","Ireland","Wexford",2020-02-27,0,"NA"
"1586","Ireland","Wexford",2020-03-01,0,"NA"
"1587","Ireland","Wexford",2020-03-02,0,"NA"
"1588","Ireland","Wexford",2020-03-03,0,"NA"
"1589","Ireland","Wexford",2020-03-04,0,"NA"
"1590","Ireland","Wexford",2020-03-05,0,"NA"
"1591","Ireland","Wexford",2020-03-06,0,"NA"
"1592","Ireland","Wexford",2020-03-07,0,"NA"
"1593","Ireland","Wexford",2020-03-08,0,"NA"
"1594","Ireland","Wexford",2020-03-09,0,"NA"
"1595","Ireland","Wexford",2020-03-10,0,"NA"
"1596","Ireland","Wexford",2020-03-11,0,"NA"
"1597","Ireland","Wexford",2020-03-12,0,"NA"
"1598","Ireland","Wexford",2020-03-13,0,"NA"
"1599","Ireland","Wexford",2020-03-14,0,"NA"
"1600","Ireland","Wexford",2020-03-15,0,"NA"
"1601","Ireland","Wexford",2020-03-16,0,"NA"
"1602","Ireland","Wexford",2020-03-17,0,"NA"
"1603","Ireland","Wexford",2020-03-18,0,"NA"
"1604","Ireland","Wexford",2020-03-19,0,"NA"
"1605","Ireland","Wexford",2020-03-20,0,"NA"
"1606","Ireland","Wexford",2020-03-21,3,"NA"
"1607","Ireland","Wexford",2020-03-22,4,"NA"
"1608","Ireland","Wexford",2020-03-23,0,"NA"
"1609","Ireland","Wexford",2020-03-24,1,"NA"
"1610","Ireland","Wexford",2020-03-25,1,"NA"
"1611","Ireland","Wexford",2020-03-26,1,"NA"
"1612","Ireland","Wexford",2020-03-27,2,"NA"
"1613","Ireland","Wexford",2020-03-28,0,"NA"
"1614","Ireland","Wexford",2020-03-29,3,"NA"
"1615","Ireland","Wexford",2020-03-30,0,"NA"
"1616","Ireland","Wexford",2020-03-31,1,"NA"
"1617","Ireland","Wexford",2020-04-01,2,"NA"
"1618","Ireland","Wexford",2020-04-02,2,"NA"
"1619","Ireland","Wexford",2020-04-03,1,"NA"
"1620","Ireland","Wexford",2020-04-04,0,"NA"
"1621","Ireland","Wexford",2020-04-05,1,"NA"
"1622","Ireland","Wexford",2020-04-06,2,"NA"
"1623","Ireland","Wexford",2020-04-07,2,"NA"
"1624","Ireland","Wexford",2020-04-08,4,"NA"
"1625","Ireland","Wexford",2020-04-09,9,"NA"
"1626","Ireland","Wexford",2020-04-10,4,"NA"
"1627","Ireland","Wexford",2020-04-11,9,"NA"
"1628","Ireland","Wexford",2020-04-12,4,"NA"
"1629","Ireland","Wexford",2020-04-13,5,"NA"
"1630","Ireland","Wexford",2020-04-14,10,"NA"
"1631","Ireland","Wexford",2020-04-15,5,"NA"
"1632","Ireland","Wexford",2020-04-16,9,"NA"
"1633","Ireland","Wexford",2020-04-17,13,"NA"
"1634","Ireland","Wexford",2020-04-18,2,"NA"
"1635","Ireland","Wexford",2020-04-19,14,"NA"
"1636","Ireland","Wexford",2020-04-20,23,"NA"
"1637","Ireland","Wexford",2020-04-21,0,"NA"
"1638","Ireland","Wexford",2020-04-22,6,"NA"
"1639","Ireland","Wexford",2020-04-23,8,"NA"
"1640","Ireland","Wexford",2020-04-24,5,"NA"
"1641","Ireland","Wexford",2020-04-25,6,"NA"
"1642","Ireland","Wexford",2020-04-26,0,"NA"
"1643","Ireland","Wexford",2020-04-27,0,"NA"
"1644","Ireland","Wexford",2020-04-28,5,"NA"
"1645","Ireland","Wexford",2020-04-29,12,"NA"
"1646","Ireland","Wexford",2020-04-30,4,"NA"
"1647","Ireland","Wexford",2020-05-01,2,"NA"
"1648","Ireland","Wexford",2020-05-02,0,"NA"
"1649","Ireland","Wexford",2020-05-03,-1,"NA"
"1650","Ireland","Wexford",2020-05-04,0,"NA"
"1651","Ireland","Wicklow",2020-02-27,0,"NA"
"1652","Ireland","Wicklow",2020-03-01,0,"NA"
"1653","Ireland","Wicklow",2020-03-02,0,"NA"
"1654","Ireland","Wicklow",2020-03-03,0,"NA"
"1655","Ireland","Wicklow",2020-03-04,0,"NA"
"1656","Ireland","Wicklow",2020-03-05,0,"NA"
"1657","Ireland","Wicklow",2020-03-06,0,"NA"
"1658","Ireland","Wicklow",2020-03-07,0,"NA"
"1659","Ireland","Wicklow",2020-03-08,0,"NA"
"1660","Ireland","Wicklow",2020-03-09,0,"NA"
"1661","Ireland","Wicklow",2020-03-10,0,"NA"
"1662","Ireland","Wicklow",2020-03-11,0,"NA"
"1663","Ireland","Wicklow",2020-03-12,0,"NA"
"1664","Ireland","Wicklow",2020-03-13,0,"NA"
"1665","Ireland","Wicklow",2020-03-14,0,"NA"
"1666","Ireland","Wicklow",2020-03-15,0,"NA"
"1667","Ireland","Wicklow",2020-03-16,0,"NA"
"1668","Ireland","Wicklow",2020-03-17,0,"NA"
"1669","Ireland","Wicklow",2020-03-18,0,"NA"
"1670","Ireland","Wicklow",2020-03-19,0,"NA"
"1671","Ireland","Wicklow",2020-03-20,0,"NA"
"1672","Ireland","Wicklow",2020-03-21,22,"NA"
"1673","Ireland","Wicklow",2020-03-22,6,"NA"
"1674","Ireland","Wicklow",2020-03-23,11,"NA"
"1675","Ireland","Wicklow",2020-03-24,10,"NA"
"1676","Ireland","Wicklow",2020-03-25,3,"NA"
"1677","Ireland","Wicklow",2020-03-26,6,"NA"
"1678","Ireland","Wicklow",2020-03-27,7,"NA"
"1679","Ireland","Wicklow",2020-03-28,4,"NA"
"1680","Ireland","Wicklow",2020-03-29,4,"NA"
"1681","Ireland","Wicklow",2020-03-30,4,"NA"
"1682","Ireland","Wicklow",2020-03-31,7,"NA"
"1683","Ireland","Wicklow",2020-04-01,21,"NA"
"1684","Ireland","Wicklow",2020-04-02,7,"NA"
"1685","Ireland","Wicklow",2020-04-03,20,"NA"
"1686","Ireland","Wicklow",2020-04-04,10,"NA"
"1687","Ireland","Wicklow",2020-04-05,29,"NA"
"1688","Ireland","Wicklow",2020-04-06,10,"NA"
"1689","Ireland","Wicklow",2020-04-07,26,"NA"
"1690","Ireland","Wicklow",2020-04-08,30,"NA"
"1691","Ireland","Wicklow",2020-04-09,9,"NA"
"1692","Ireland","Wicklow",2020-04-10,17,"NA"
"1693","Ireland","Wicklow",2020-04-11,9,"NA"
"1694","Ireland","Wicklow",2020-04-12,45,"NA"
"1695","Ireland","Wicklow",2020-04-13,25,"NA"
"1696","Ireland","Wicklow",2020-04-14,33,"NA"
"1697","Ireland","Wicklow",2020-04-15,9,"NA"
"1698","Ireland","Wicklow",2020-04-16,7,"NA"
"1699","Ireland","Wicklow",2020-04-17,46,"NA"
"1700","Ireland","Wicklow",2020-04-18,7,"NA"
"1701","Ireland","Wicklow",2020-04-19,2,"NA"
"1702","Ireland","Wicklow",2020-04-20,17,"NA"
"1703","Ireland","Wicklow",2020-04-21,6,"NA"
"1704","Ireland","Wicklow",2020-04-22,37,"NA"
"1705","Ireland","Wicklow",2020-04-23,52,"NA"
"1706","Ireland","Wicklow",2020-04-24,3,"NA"
"1707","Ireland","Wicklow",2020-04-25,-4,"NA"
"1708","Ireland","Wicklow",2020-04-26,1,"NA"
"1709","Ireland","Wicklow",2020-04-27,6,"NA"
"1710","Ireland","Wicklow",2020-04-28,25,"NA"
"1711","Ireland","Wicklow",2020-04-29,10,"NA"
"1712","Ireland","Wicklow",2020-04-30,5,"NA"
"1713","Ireland","Wicklow",2020-05-01,14,"NA"
"1714","Ireland","Wicklow",2020-05-02,4,"NA"
"1715","Ireland","Wicklow",2020-05-03,3,"NA"
"1716","Ireland","Wicklow",2020-05-04,3,"NA"
