"","state","data","region","dailycases","note"
"1","Nigeria",2020-04-20,"Abia",2,"NA"
"2","Nigeria",2020-05-17,"Abia",3,"NA"
"3","Nigeria",2020-03-21,"Abuja",3,"NA"
"4","Nigeria",2020-03-22,"Abuja",1,"NA"
"5","Nigeria",2020-03-23,"Abuja",3,"NA"
"6","Nigeria",2020-03-24,"Abuja",1,"NA"
"7","Nigeria",2020-03-25,"Abuja",2,"NA"
"8","Nigeria",2020-03-26,"Abuja",4,"NA"
"9","Nigeria",2020-03-28,"Abuja",2,"NA"
"10","Nigeria",2020-03-29,"Abuja",5,"NA"
"11","Nigeria",2020-03-30,"Abuja",4,"NA"
"12","Nigeria",2020-03-31,"Abuja",3,"NA"
"13","Nigeria",2020-04-01,"Abuja",7,"NA"
"14","Nigeria",2020-04-02,"Abuja",3,"NA"
"15","Nigeria",2020-04-03,"Abuja",3,"NA"
"16","Nigeria",2020-04-04,"Abuja",2,"NA"
"17","Nigeria",2020-04-05,"Abuja",4,"NA"
"18","Nigeria",2020-04-06,"Abuja",1,"NA"
"19","Nigeria",2020-04-07,"Abuja",2,"NA"
"20","Nigeria",2020-04-08,"Abuja",4,"NA"
"21","Nigeria",2020-04-10,"Abuja",2,"NA"
"22","Nigeria",2020-04-14,"Abuja",2,"NA"
"23","Nigeria",2020-04-16,"Abuja",9,"NA"
"24","Nigeria",2020-04-17,"Abuja",2,"NA"
"25","Nigeria",2020-04-18,"Abuja",12,"NA"
"26","Nigeria",2020-04-19,"Abuja",7,"NA"
"27","Nigeria",2020-04-20,"Abuja",1,"NA"
"28","Nigeria",2020-04-21,"Abuja",29,"NA"
"29","Nigeria",2020-04-22,"Abuja",1,"NA"
"30","Nigeria",2020-04-23,"Abuja",14,"NA"
"31","Nigeria",2020-04-24,"Abuja",5,"NA"
"32","Nigeria",2020-04-26,"Abuja",3,"NA"
"33","Nigeria",2020-04-27,"Abuja",16,"NA"
"34","Nigeria",2020-04-28,"Abuja",1,"NA"
"35","Nigeria",2020-04-29,"Abuja",16,"NA"
"36","Nigeria",2020-04-30,"Abuja",4,"NA"
"37","Nigeria",2020-05-01,"Abuja",36,"NA"
"38","Nigeria",2020-05-02,"Abuja",52,"NA"
"39","Nigeria",2020-05-03,"Abuja",12,"NA"
"40","Nigeria",2020-05-04,"Abuja",19,"NA"
"41","Nigeria",2020-05-05,"Abuja",10,"NA"
"42","Nigeria",2020-05-06,"Abuja",9,"NA"
"43","Nigeria",2020-05-08,"Abuja",20,"NA"
"44","Nigeria",2020-05-09,"Abuja",7,"NA"
"45","Nigeria",2020-05-10,"Abuja",13,"NA"
"46","Nigeria",2020-05-11,"Abuja",3,"NA"
"47","Nigeria",2020-05-12,"Abuja",1,"NA"
"48","Nigeria",2020-05-13,"Abuja",10,"NA"
"49","Nigeria",2020-05-14,"Abuja",9,"NA"
"50","Nigeria",2020-05-15,"Abuja",7,"NA"
"51","Nigeria",2020-05-16,"Abuja",11,"NA"
"52","Nigeria",2020-05-17,"Abuja",21,"NA"
"53","Nigeria",2020-05-18,"Abuja",4,"NA"
"54","Nigeria",2020-05-19,"Abuja",5,"NA"
"55","Nigeria",2020-04-22,"Adamawa",1,"NA"
"56","Nigeria",2020-04-29,"Adamawa",1,"NA"
"57","Nigeria",2020-05-01,"Adamawa",2,"NA"
"58","Nigeria",2020-05-03,"Adamawa",2,"NA"
"59","Nigeria",2020-05-04,"Adamawa",6,"NA"
"60","Nigeria",2020-05-05,"Adamawa",2,"NA"
"61","Nigeria",2020-05-06,"Adamawa",1,"NA"
"62","Nigeria",2020-05-09,"Adamawa",2,"NA"
"63","Nigeria",2020-05-11,"Adamawa",4,"NA"
"64","Nigeria",2020-05-19,"Adamawa",5,"NA"
"65","Nigeria",2020-04-01,"Akwa Ibom",5,"NA"
"66","Nigeria",2020-04-14,"Akwa Ibom",1,"NA"
"67","Nigeria",2020-04-19,"Akwa Ibom",3,"NA"
"68","Nigeria",2020-04-23,"Akwa Ibom",2,"NA"
"69","Nigeria",2020-04-30,"Akwa Ibom",4,"NA"
"70","Nigeria",2020-05-07,"Akwa Ibom",1,"NA"
"71","Nigeria",2020-05-17,"Akwa Ibom",2,"NA"
"72","Nigeria",2020-04-10,"Anambra",1,"NA"
"73","Nigeria",2020-05-13,"Anambra",1,"NA"
"74","Nigeria",2020-05-16,"Anambra",3,"NA"
"75","Nigeria",2020-03-24,"Bauchi",1,"NA"
"76","Nigeria",2020-03-26,"Bauchi",1,"NA"
"77","Nigeria",2020-04-01,"Bauchi",1,"NA"
"78","Nigeria",2020-04-04,"Bauchi",3,"NA"
"79","Nigeria",2020-04-19,"Bauchi",1,"NA"
"80","Nigeria",2020-04-21,"Bauchi",1,"NA"
"81","Nigeria",2020-04-25,"Bauchi",3,"NA"
"82","Nigeria",2020-04-26,"Bauchi",3,"NA"
"83","Nigeria",2020-04-28,"Bauchi",15,"NA"
"84","Nigeria",2020-04-30,"Bauchi",9,"NA"
"85","Nigeria",2020-05-01,"Bauchi",10,"NA"
"86","Nigeria",2020-05-02,"Bauchi",5,"NA"
"87","Nigeria",2020-05-03,"Bauchi",18,"NA"
"88","Nigeria",2020-05-04,"Bauchi",9,"NA"
"89","Nigeria",2020-05-05,"Bauchi",3,"NA"
"90","Nigeria",2020-05-07,"Bauchi",19,"NA"
"91","Nigeria",2020-05-08,"Bauchi",15,"NA"
"92","Nigeria",2020-05-09,"Bauchi",44,"NA"
"93","Nigeria",2020-05-10,"Bauchi",20,"NA"
"94","Nigeria",2020-05-11,"Bauchi",1,"NA"
"95","Nigeria",2020-05-12,"Bauchi",8,"NA"
"96","Nigeria",2020-05-13,"Bauchi",16,"NA"
"97","Nigeria",2020-05-14,"Bauchi",1,"NA"
"98","Nigeria",2020-05-15,"Bauchi",3,"NA"
"99","Nigeria",2020-05-16,"Bauchi",2,"NA"
"100","Nigeria",2020-05-17,"Bauchi",3,"NA"
"101","Nigeria",2020-05-18,"Bauchi",7,"NA"
"102","Nigeria",2020-05-19,"Bauchi",2,"NA"
"103","Nigeria",2020-04-26,"Bayelsa",1,"NA"
"104","Nigeria",2020-04-30,"Bayelsa",4,"NA"
"105","Nigeria",2020-05-10,"Bayelsa",1,"NA"
"106","Nigeria",2020-05-19,"Bayelsa",1,"NA"
"107","Nigeria",2020-03-28,"Benue",1,"NA"
"108","Nigeria",2020-05-04,"Benue",1,"NA"
"109","Nigeria",2020-05-12,"Benue",2,"NA"
"110","Nigeria",2020-05-16,"Benue",1,"NA"
"111","Nigeria",2020-04-19,"Borno",1,"NA"
"112","Nigeria",2020-04-20,"Borno",2,"NA"
"113","Nigeria",2020-04-21,"Borno",6,"NA"
"114","Nigeria",2020-04-23,"Borno",3,"NA"
"115","Nigeria",2020-04-25,"Borno",18,"NA"
"116","Nigeria",2020-04-27,"Borno",11,"NA"
"117","Nigeria",2020-04-28,"Borno",12,"NA"
"118","Nigeria",2020-04-29,"Borno",6,"NA"
"119","Nigeria",2020-04-30,"Borno",7,"NA"
"120","Nigeria",2020-05-01,"Borno",3,"NA"
"121","Nigeria",2020-05-02,"Borno",6,"NA"
"122","Nigeria",2020-05-03,"Borno",7,"NA"
"123","Nigeria",2020-05-04,"Borno",18,"NA"
"124","Nigeria",2020-05-05,"Borno",6,"NA"
"125","Nigeria",2020-05-06,"Borno",10,"NA"
"126","Nigeria",2020-05-07,"Borno",9,"NA"
"127","Nigeria",2020-05-08,"Borno",17,"NA"
"128","Nigeria",2020-05-09,"Borno",17,"NA"
"129","Nigeria",2020-05-10,"Borno",26,"NA"
"130","Nigeria",2020-05-11,"Borno",1,"NA"
"131","Nigeria",2020-05-12,"Borno",2,"NA"
"132","Nigeria",2020-05-14,"Borno",3,"NA"
"133","Nigeria",2020-05-15,"Borno",13,"NA"
"134","Nigeria",2020-05-16,"Borno",8,"NA"
"135","Nigeria",2020-05-17,"Borno",3,"NA"
"136","Nigeria",2020-05-18,"Borno",8,"NA"
"137","Nigeria",2020-05-19,"Borno",4,"NA"
"138","Nigeria",2020-04-07,"Delta",1,"NA"
"139","Nigeria",2020-04-09,"Delta",1,"NA"
"140","Nigeria",2020-04-11,"Delta",1,"NA"
"141","Nigeria",2020-04-15,"Delta",1,"NA"
"142","Nigeria",2020-04-22,"Delta",2,"NA"
"143","Nigeria",2020-04-28,"Delta",1,"NA"
"144","Nigeria",2020-04-30,"Delta",2,"NA"
"145","Nigeria",2020-05-01,"Delta",8,"NA"
"146","Nigeria",2020-05-13,"Delta",5,"NA"
"147","Nigeria",2020-05-15,"Delta",3,"NA"
"148","Nigeria",2020-05-17,"Delta",2,"NA"
"149","Nigeria",2020-04-26,"Ebonyi",1,"NA"
"150","Nigeria",2020-04-29,"Ebonyi",1,"NA"
"151","Nigeria",2020-05-01,"Ebonyi",1,"NA"
"152","Nigeria",2020-05-02,"Ebonyi",2,"NA"
"153","Nigeria",2020-05-08,"Ebonyi",2,"NA"
"154","Nigeria",2020-05-12,"Ebonyi",1,"NA"
"155","Nigeria",2020-05-13,"Ebonyi",1,"NA"
"156","Nigeria",2020-05-19,"Ebonyi",4,"NA"
"157","Nigeria",2020-03-23,"Edo",1,"NA"
"158","Nigeria",2020-03-27,"Edo",1,"NA"
"159","Nigeria",2020-04-01,"Edo",2,"NA"
"160","Nigeria",2020-04-03,"Edo",3,"NA"
"161","Nigeria",2020-04-05,"Edo",2,"NA"
"162","Nigeria",2020-04-06,"Edo",2,"NA"
"163","Nigeria",2020-04-08,"Edo",1,"NA"
"164","Nigeria",2020-04-13,"Edo",2,"NA"
"165","Nigeria",2020-04-14,"Edo",1,"NA"
"166","Nigeria",2020-04-22,"Edo",2,"NA"
"167","Nigeria",2020-04-24,"Edo",2,"NA"
"168","Nigeria",2020-04-25,"Edo",3,"NA"
"169","Nigeria",2020-04-26,"Edo",3,"NA"
"170","Nigeria",2020-04-28,"Edo",5,"NA"
"171","Nigeria",2020-04-29,"Edo",7,"NA"
"172","Nigeria",2020-04-30,"Edo",7,"NA"
"173","Nigeria",2020-05-01,"Edo",3,"NA"
"174","Nigeria",2020-05-02,"Edo",5,"NA"
"175","Nigeria",2020-05-04,"Edo",10,"NA"
"176","Nigeria",2020-05-05,"Edo",3,"NA"
"177","Nigeria",2020-05-08,"Edo",2,"NA"
"178","Nigeria",2020-05-10,"Edo",12,"NA"
"179","Nigeria",2020-05-12,"Edo",9,"NA"
"180","Nigeria",2020-05-13,"Edo",1,"NA"
"181","Nigeria",2020-05-14,"Edo",3,"NA"
"182","Nigeria",2020-05-15,"Edo",1,"NA"
"183","Nigeria",2020-05-16,"Edo",2,"NA"
"184","Nigeria",2020-05-18,"Edo",13,"NA"
"185","Nigeria",2020-05-19,"Edo",11,"NA"
"186","Nigeria",2020-03-16,"Ekiti",1,"NA"
"187","Nigeria",2020-04-01,"Ekiti",1,"NA"
"188","Nigeria",2020-04-17,"Ekiti",1,"NA"
"189","Nigeria",2020-04-20,"Ekiti",1,"NA"
"190","Nigeria",2020-04-25,"Ekiti",4,"NA"
"191","Nigeria",2020-05-01,"Ekiti",3,"NA"
"192","Nigeria",2020-05-04,"Ekiti",1,"NA"
"193","Nigeria",2020-05-09,"Ekiti",1,"NA"
"194","Nigeria",2020-05-10,"Ekiti",2,"NA"
"195","Nigeria",2020-05-15,"Ekiti",4,"NA"
"196","Nigeria",2020-03-27,"Enugu",2,"NA"
"197","Nigeria",2020-04-28,"Enugu",1,"NA"
"198","Nigeria",2020-05-01,"Enugu",1,"NA"
"199","Nigeria",2020-05-02,"Enugu",4,"NA"
"200","Nigeria",2020-05-07,"Enugu",1,"NA"
"201","Nigeria",2020-05-08,"Enugu",1,"NA"
"202","Nigeria",2020-05-12,"Enugu",1,"NA"
"203","Nigeria",2020-05-13,"Enugu",1,"NA"
"204","Nigeria",2020-05-18,"Enugu",3,"NA"
"205","Nigeria",2020-05-19,"Enugu",1,"NA"
"206","Nigeria",2020-04-20,"Gombe",5,"NA"
"207","Nigeria",2020-04-23,"Gombe",4,"NA"
"208","Nigeria",2020-04-24,"Gombe",21,"NA"
"209","Nigeria",2020-04-26,"Gombe",5,"NA"
"210","Nigeria",2020-04-27,"Gombe",2,"NA"
"211","Nigeria",2020-04-28,"Gombe",9,"NA"
"212","Nigeria",2020-04-29,"Gombe",18,"NA"
"213","Nigeria",2020-04-30,"Gombe",12,"NA"
"214","Nigeria",2020-05-01,"Gombe",16,"NA"
"215","Nigeria",2020-05-02,"Gombe",4,"NA"
"216","Nigeria",2020-05-05,"Gombe",2,"NA"
"217","Nigeria",2020-05-06,"Gombe",5,"NA"
"218","Nigeria",2020-05-07,"Gombe",6,"NA"
"219","Nigeria",2020-05-08,"Gombe",1,"NA"
"220","Nigeria",2020-05-10,"Gombe",2,"NA"
"221","Nigeria",2020-05-11,"Gombe",6,"NA"
"222","Nigeria",2020-05-12,"Gombe",1,"NA"
"223","Nigeria",2020-05-14,"Gombe",5,"NA"
"224","Nigeria",2020-05-17,"Gombe",2,"NA"
"225","Nigeria",2020-05-18,"Gombe",8,"NA"
"226","Nigeria",2020-05-19,"Gombe",2,"NA"
"227","Nigeria",2020-04-25,"Imo",1,"NA"
"228","Nigeria",2020-05-01,"Imo",1,"NA"
"229","Nigeria",2020-05-08,"Imo",1,"NA"
"230","Nigeria",2020-05-14,"Imo",4,"NA"
"231","Nigeria",2020-04-18,"Jigawa",1,"NA"
"232","Nigeria",2020-04-19,"Jigawa",1,"NA"
"233","Nigeria",2020-04-28,"Jigawa",5,"NA"
"234","Nigeria",2020-05-04,"Jigawa",32,"NA"
"235","Nigeria",2020-05-07,"Jigawa",44,"NA"
"236","Nigeria",2020-05-10,"Jigawa",35,"NA"
"237","Nigeria",2020-05-13,"Jigawa",23,"NA"
"238","Nigeria",2020-05-14,"Jigawa",35,"NA"
"239","Nigeria",2020-05-15,"Jigawa",15,"NA"
"240","Nigeria",2020-05-16,"Jigawa",6,"NA"
"241","Nigeria",2020-05-17,"Jigawa",4,"NA"
"242","Nigeria",2020-05-19,"Jigawa",4,"NA"
"243","Nigeria",2020-03-28,"Kaduna",1,"NA"
"244","Nigeria",2020-03-30,"Kaduna",2,"NA"
"245","Nigeria",2020-04-01,"Kaduna",1,"NA"
"246","Nigeria",2020-04-05,"Kaduna",1,"NA"
"247","Nigeria",2020-04-10,"Kaduna",1,"NA"
"248","Nigeria",2020-04-20,"Kaduna",3,"NA"
"249","Nigeria",2020-04-24,"Kaduna",1,"NA"
"250","Nigeria",2020-04-26,"Kaduna",5,"NA"
"251","Nigeria",2020-04-29,"Kaduna",17,"NA"
"252","Nigeria",2020-04-30,"Kaduna",3,"NA"
"253","Nigeria",2020-05-02,"Kaduna",31,"NA"
"254","Nigeria",2020-05-03,"Kaduna",15,"NA"
"255","Nigeria",2020-05-05,"Kaduna",3,"NA"
"256","Nigeria",2020-05-06,"Kaduna",1,"NA"
"257","Nigeria",2020-05-07,"Kaduna",7,"NA"
"258","Nigeria",2020-05-08,"Kaduna",3,"NA"
"259","Nigeria",2020-05-09,"Kaduna",3,"NA"
"260","Nigeria",2020-05-11,"Kaduna",13,"NA"
"261","Nigeria",2020-05-13,"Kaduna",3,"NA"
"262","Nigeria",2020-05-15,"Kaduna",20,"NA"
"263","Nigeria",2020-05-16,"Kaduna",4,"NA"
"264","Nigeria",2020-05-17,"Kaduna",4,"NA"
"265","Nigeria",2020-05-18,"Kaduna",3,"NA"
"266","Nigeria",2020-05-19,"Kaduna",7,"NA"
"267","Nigeria",2020-04-11,"Kano",1,"NA"
"268","Nigeria",2020-04-13,"Kano",2,"NA"
"269","Nigeria",2020-04-14,"Kano",1,"NA"
"270","Nigeria",2020-04-15,"Kano",12,"NA"
"271","Nigeria",2020-04-16,"Kano",5,"NA"
"272","Nigeria",2020-04-17,"Kano",6,"NA"
"273","Nigeria",2020-04-18,"Kano",9,"NA"
"274","Nigeria",2020-04-20,"Kano",23,"NA"
"275","Nigeria",2020-04-21,"Kano",14,"NA"
"276","Nigeria",2020-04-25,"Kano",4,"NA"
"277","Nigeria",2020-04-28,"Kano",38,"NA"
"278","Nigeria",2020-04-29,"Kano",24,"NA"
"279","Nigeria",2020-04-30,"Kano",80,"NA"
"280","Nigeria",2020-05-01,"Kano",92,"NA"
"281","Nigeria",2020-05-02,"Kano",2,"NA"
"282","Nigeria",2020-05-03,"Kano",29,"NA"
"283","Nigeria",2020-05-04,"Kano",23,"NA"
"284","Nigeria",2020-05-05,"Kano",32,"NA"
"285","Nigeria",2020-05-06,"Kano",30,"NA"
"286","Nigeria",2020-05-07,"Kano",55,"NA"
"287","Nigeria",2020-05-08,"Kano",65,"NA"
"288","Nigeria",2020-05-09,"Kano",29,"NA"
"289","Nigeria",2020-05-10,"Kano",26,"NA"
"290","Nigeria",2020-05-11,"Kano",64,"NA"
"291","Nigeria",2020-05-12,"Kano",27,"NA"
"292","Nigeria",2020-05-13,"Kano",14,"NA"
"293","Nigeria",2020-05-14,"Kano",46,"NA"
"294","Nigeria",2020-05-15,"Kano",8,"NA"
"295","Nigeria",2020-05-17,"Kano",64,"NA"
"296","Nigeria",2020-05-18,"Kano",17,"NA"
"297","Nigeria",2020-04-07,"Katsina",1,"NA"
"298","Nigeria",2020-04-10,"Katsina",3,"NA"
"299","Nigeria",2020-04-12,"Katsina",1,"NA"
"300","Nigeria",2020-04-15,"Katsina",2,"NA"
"301","Nigeria",2020-04-17,"Katsina",2,"NA"
"302","Nigeria",2020-04-19,"Katsina",3,"NA"
"303","Nigeria",2020-04-21,"Katsina",4,"NA"
"304","Nigeria",2020-04-22,"Katsina",5,"NA"
"305","Nigeria",2020-04-25,"Katsina",9,"NA"
"306","Nigeria",2020-04-29,"Katsina",8,"NA"
"307","Nigeria",2020-05-03,"Katsina",8,"NA"
"308","Nigeria",2020-05-04,"Katsina",37,"NA"
"309","Nigeria",2020-05-05,"Katsina",9,"NA"
"310","Nigeria",2020-05-06,"Katsina",3,"NA"
"311","Nigeria",2020-05-07,"Katsina",11,"NA"
"312","Nigeria",2020-05-08,"Katsina",31,"NA"
"313","Nigeria",2020-05-09,"Katsina",19,"NA"
"314","Nigeria",2020-05-11,"Katsina",49,"NA"
"315","Nigeria",2020-05-12,"Katsina",3,"NA"
"316","Nigeria",2020-05-13,"Katsina",16,"NA"
"317","Nigeria",2020-05-15,"Katsina",15,"NA"
"318","Nigeria",2020-05-17,"Katsina",9,"NA"
"319","Nigeria",2020-05-18,"Katsina",33,"NA"
"320","Nigeria",2020-04-26,"Kebbi",1,"NA"
"321","Nigeria",2020-04-30,"Kebbi",1,"NA"
"322","Nigeria",2020-05-02,"Kebbi",10,"NA"
"323","Nigeria",2020-05-05,"Kebbi",1,"NA"
"324","Nigeria",2020-05-06,"Kebbi",5,"NA"
"325","Nigeria",2020-05-09,"Kebbi",2,"NA"
"326","Nigeria",2020-05-10,"Kebbi",4,"NA"
"327","Nigeria",2020-05-12,"Kebbi",4,"NA"
"328","Nigeria",2020-05-13,"Kebbi",3,"NA"
"329","Nigeria",2020-05-17,"Kebbi",1,"NA"
"330","Nigeria",2020-04-06,"Kwara",2,"NA"
"331","Nigeria",2020-04-12,"Kwara",2,"NA"
"332","Nigeria",2020-04-17,"Kwara",5,"NA"
"333","Nigeria",2020-04-22,"Kwara",1,"NA"
"334","Nigeria",2020-04-23,"Kwara",1,"NA"
"335","Nigeria",2020-05-01,"Kwara",3,"NA"
"336","Nigeria",2020-05-02,"Kwara",2,"NA"
"337","Nigeria",2020-05-07,"Kwara",8,"NA"
"338","Nigeria",2020-05-09,"Kwara",6,"NA"
"339","Nigeria",2020-05-10,"Kwara",4,"NA"
"340","Nigeria",2020-05-12,"Kwara",10,"NA"
"341","Nigeria",2020-05-13,"Kwara",9,"NA"
"342","Nigeria",2020-05-14,"Kwara",3,"NA"
"343","Nigeria",2020-05-15,"Kwara",2,"NA"
"344","Nigeria",2020-05-18,"Kwara",7,"NA"
"345","Nigeria",2020-03-16,"Lagos",5,"NA"
"346","Nigeria",2020-03-19,"Lagos",4,"NA"
"347","Nigeria",2020-03-21,"Lagos",7,"NA"
"348","Nigeria",2020-03-22,"Lagos",6,"NA"
"349","Nigeria",2020-03-23,"Lagos",5,"NA"
"350","Nigeria",2020-03-24,"Lagos",1,"NA"
"351","Nigeria",2020-03-25,"Lagos",3,"NA"
"352","Nigeria",2020-03-26,"Lagos",12,"NA"
"353","Nigeria",2020-03-27,"Lagos",8,"NA"
"354","Nigeria",2020-03-28,"Lagos",7,"NA"
"355","Nigeria",2020-03-29,"Lagos",9,"NA"
"356","Nigeria",2020-03-30,"Lagos",13,"NA"
"357","Nigeria",2020-03-31,"Lagos",1,"NA"
"358","Nigeria",2020-04-01,"Lagos",9,"NA"
"359","Nigeria",2020-04-02,"Lagos",7,"NA"
"360","Nigeria",2020-04-03,"Lagos",11,"NA"
"361","Nigeria",2020-04-05,"Lagos",10,"NA"
"362","Nigeria",2020-04-07,"Lagos",10,"NA"
"363","Nigeria",2020-04-08,"Lagos",17,"NA"
"364","Nigeria",2020-04-09,"Lagos",13,"NA"
"365","Nigeria",2020-04-10,"Lagos",8,"NA"
"366","Nigeria",2020-04-11,"Lagos",11,"NA"
"367","Nigeria",2020-04-12,"Lagos",2,"NA"
"368","Nigeria",2020-04-13,"Lagos",13,"NA"
"369","Nigeria",2020-04-14,"Lagos",24,"NA"
"370","Nigeria",2020-04-15,"Lagos",18,"NA"
"371","Nigeria",2020-04-16,"Lagos",19,"NA"
"372","Nigeria",2020-04-17,"Lagos",32,"NA"
"373","Nigeria",2020-04-18,"Lagos",23,"NA"
"374","Nigeria",2020-04-19,"Lagos",70,"NA"
"375","Nigeria",2020-04-21,"Lagos",52,"NA"
"376","Nigeria",2020-04-22,"Lagos",74,"NA"
"377","Nigeria",2020-04-23,"Lagos",78,"NA"
"378","Nigeria",2020-04-24,"Lagos",75,"NA"
"379","Nigeria",2020-04-25,"Lagos",32,"NA"
"380","Nigeria",2020-04-26,"Lagos",42,"NA"
"381","Nigeria",2020-04-27,"Lagos",33,"NA"
"382","Nigeria",2020-04-28,"Lagos",80,"NA"
"383","Nigeria",2020-04-29,"Lagos",87,"NA"
"384","Nigeria",2020-04-30,"Lagos",45,"NA"
"385","Nigeria",2020-05-01,"Lagos",30,"NA"
"386","Nigeria",2020-05-02,"Lagos",62,"NA"
"387","Nigeria",2020-05-03,"Lagos",39,"NA"
"388","Nigeria",2020-05-04,"Lagos",76,"NA"
"389","Nigeria",2020-05-05,"Lagos",43,"NA"
"390","Nigeria",2020-05-06,"Lagos",82,"NA"
"391","Nigeria",2020-05-07,"Lagos",183,"NA"
"392","Nigeria",2020-05-08,"Lagos",176,"NA"
"393","Nigeria",2020-05-09,"Lagos",97,"NA"
"394","Nigeria",2020-05-10,"Lagos",82,"NA"
"395","Nigeria",2020-05-11,"Lagos",88,"NA"
"396","Nigeria",2020-05-12,"Lagos",57,"NA"
"397","Nigeria",2020-05-13,"Lagos",51,"NA"
"398","Nigeria",2020-05-14,"Lagos",58,"NA"
"399","Nigeria",2020-05-15,"Lagos",179,"NA"
"400","Nigeria",2020-05-16,"Lagos",95,"NA"
"401","Nigeria",2020-05-17,"Lagos",177,"NA"
"402","Nigeria",2020-05-18,"Lagos",74,"NA"
"403","Nigeria",2020-05-19,"Lagos",131,"NA"
"404","Nigeria",2020-04-28,"Nasarawa",1,"NA"
"405","Nigeria",2020-04-30,"Nasarawa",2,"NA"
"406","Nigeria",2020-05-01,"Nasarawa",4,"NA"
"407","Nigeria",2020-05-02,"Nasarawa",1,"NA"
"408","Nigeria",2020-05-03,"Nasarawa",3,"NA"
"409","Nigeria",2020-05-08,"Nasarawa",14,"NA"
"410","Nigeria",2020-05-13,"Nasarawa",3,"NA"
"411","Nigeria",2020-05-14,"Nasarawa",1,"NA"
"412","Nigeria",2020-05-16,"Nasarawa",2,"NA"
"413","Nigeria",2020-05-19,"Nasarawa",3,"NA"
"414","Nigeria",2020-04-10,"Niger",1,"NA"
"415","Nigeria",2020-04-15,"Niger",1,"NA"
"416","Nigeria",2020-05-01,"Niger",1,"NA"
"417","Nigeria",2020-05-04,"Niger",1,"NA"
"418","Nigeria",2020-05-07,"Niger",2,"NA"
"419","Nigeria",2020-05-12,"Niger",3,"NA"
"420","Nigeria",2020-05-13,"Niger",1,"NA"
"421","Nigeria",2020-05-15,"Niger",4,"NA"
"422","Nigeria",2020-05-16,"Niger",8,"NA"
"423","Nigeria",2020-02-27,"Ogun",1,"NA"
"424","Nigeria",2020-03-09,"Ogun",1,"NA"
"425","Nigeria",2020-03-24,"Ogun",1,"NA"
"426","Nigeria",2020-03-31,"Ogun",1,"NA"
"427","Nigeria",2020-04-01,"Ogun",2,"NA"
"428","Nigeria",2020-04-13,"Ogun",2,"NA"
"429","Nigeria",2020-04-17,"Ogun",1,"NA"
"430","Nigeria",2020-04-18,"Ogun",2,"NA"
"431","Nigeria",2020-04-21,"Ogun",9,"NA"
"432","Nigeria",2020-04-22,"Ogun",4,"NA"
"433","Nigeria",2020-04-23,"Ogun",5,"NA"
"434","Nigeria",2020-04-24,"Ogun",6,"NA"
"435","Nigeria",2020-04-28,"Ogun",15,"NA"
"436","Nigeria",2020-04-30,"Ogun",6,"NA"
"437","Nigeria",2020-05-03,"Ogun",24,"NA"
"438","Nigeria",2020-05-04,"Ogun",5,"NA"
"439","Nigeria",2020-05-05,"Ogun",6,"NA"
"440","Nigeria",2020-05-06,"Ogun",4,"NA"
"441","Nigeria",2020-05-07,"Ogun",5,"NA"
"442","Nigeria",2020-05-08,"Ogun",13,"NA"
"443","Nigeria",2020-05-09,"Ogun",1,"NA"
"444","Nigeria",2020-05-10,"Ogun",2,"NA"
"445","Nigeria",2020-05-11,"Ogun",9,"NA"
"446","Nigeria",2020-05-12,"Ogun",1,"NA"
"447","Nigeria",2020-05-14,"Ogun",7,"NA"
"448","Nigeria",2020-05-15,"Ogun",11,"NA"
"449","Nigeria",2020-05-18,"Ogun",8,"NA"
"450","Nigeria",2020-05-19,"Ogun",25,"NA"
"451","Nigeria",2020-04-03,"Ondo",1,"NA"
"452","Nigeria",2020-04-10,"Ondo",1,"NA"
"453","Nigeria",2020-04-13,"Ondo",1,"NA"
"454","Nigeria",2020-04-25,"Ondo",1,"NA"
"455","Nigeria",2020-04-26,"Ondo",4,"NA"
"456","Nigeria",2020-04-30,"Ondo",1,"NA"
"457","Nigeria",2020-05-01,"Ondo",4,"NA"
"458","Nigeria",2020-05-08,"Ondo",2,"NA"
"459","Nigeria",2020-05-11,"Ondo",1,"NA"
"460","Nigeria",2020-05-13,"Ondo",2,"NA"
"461","Nigeria",2020-05-14,"Ondo",1,"NA"
"462","Nigeria",2020-05-17,"Ondo",1,"NA"
"463","Nigeria",2020-03-25,"Osun",1,"NA"
"464","Nigeria",2020-03-28,"Osun",1,"NA"
"465","Nigeria",2020-03-31,"Osun",3,"NA"
"466","Nigeria",2020-04-01,"Osun",7,"NA"
"467","Nigeria",2020-04-03,"Osun",8,"NA"
"468","Nigeria",2020-04-25,"Osun",12,"NA"
"469","Nigeria",2020-04-26,"Osun",2,"NA"
"470","Nigeria",2020-05-02,"Osun",2,"NA"
"471","Nigeria",2020-05-04,"Osun",1,"NA"
"472","Nigeria",2020-05-08,"Osun",1,"NA"
"473","Nigeria",2020-05-10,"Osun",1,"NA"
"474","Nigeria",2020-05-13,"Osun",3,"NA"
"475","Nigeria",2020-03-22,"Oyo",1,"NA"
"476","Nigeria",2020-03-26,"Oyo",2,"NA"
"477","Nigeria",2020-03-28,"Oyo",4,"NA"
"478","Nigeria",2020-03-30,"Oyo",1,"NA"
"479","Nigeria",2020-04-07,"Oyo",2,"NA"
"480","Nigeria",2020-04-16,"Oyo",2,"NA"
"481","Nigeria",2020-04-17,"Oyo",2,"NA"
"482","Nigeria",2020-04-18,"Oyo",1,"NA"
"483","Nigeria",2020-04-21,"Oyo",1,"NA"
"484","Nigeria",2020-04-22,"Oyo",1,"NA"
"485","Nigeria",2020-04-24,"Oyo",1,"NA"
"486","Nigeria",2020-04-26,"Oyo",3,"NA"
"487","Nigeria",2020-04-30,"Oyo",2,"NA"
"488","Nigeria",2020-05-01,"Oyo",6,"NA"
"489","Nigeria",2020-05-02,"Oyo",4,"NA"
"490","Nigeria",2020-05-03,"Oyo",1,"NA"
"491","Nigeria",2020-05-04,"Oyo",5,"NA"
"492","Nigeria",2020-05-05,"Oyo",5,"NA"
"493","Nigeria",2020-05-06,"Oyo",8,"NA"
"494","Nigeria",2020-05-07,"Oyo",3,"NA"
"495","Nigeria",2020-05-08,"Oyo",4,"NA"
"496","Nigeria",2020-05-09,"Oyo",5,"NA"
"497","Nigeria",2020-05-11,"Oyo",1,"NA"
"498","Nigeria",2020-05-12,"Oyo",4,"NA"
"499","Nigeria",2020-05-13,"Oyo",4,"NA"
"500","Nigeria",2020-05-15,"Oyo",3,"NA"
"501","Nigeria",2020-05-16,"Oyo",31,"NA"
"502","Nigeria",2020-05-17,"Oyo",11,"NA"
"503","Nigeria",2020-05-18,"Oyo",19,"NA"
"504","Nigeria",2020-05-19,"Oyo",6,"NA"
"505","Nigeria",2020-04-23,"Plateau",1,"NA"
"506","Nigeria",2020-05-02,"Plateau",2,"NA"
"507","Nigeria",2020-05-05,"Plateau",1,"NA"
"508","Nigeria",2020-05-07,"Plateau",1,"NA"
"509","Nigeria",2020-05-08,"Plateau",10,"NA"
"510","Nigeria",2020-05-09,"Plateau",2,"NA"
"511","Nigeria",2020-05-12,"Plateau",2,"NA"
"512","Nigeria",2020-05-13,"Plateau",1,"NA"
"513","Nigeria",2020-05-14,"Plateau",1,"NA"
"514","Nigeria",2020-05-17,"Plateau",14,"NA"
"515","Nigeria",2020-05-19,"Plateau",15,"NA"
"516","Nigeria",2020-03-25,"Rivers",1,"NA"
"517","Nigeria",2020-04-06,"Rivers",1,"NA"
"518","Nigeria",2020-04-21,"Rivers",1,"NA"
"519","Nigeria",2020-04-26,"Rivers",3,"NA"
"520","Nigeria",2020-04-28,"Rivers",1,"NA"
"521","Nigeria",2020-04-30,"Rivers",6,"NA"
"522","Nigeria",2020-05-01,"Rivers",1,"NA"
"523","Nigeria",2020-05-07,"Rivers",3,"NA"
"524","Nigeria",2020-05-08,"Rivers",4,"NA"
"525","Nigeria",2020-05-11,"Rivers",1,"NA"
"526","Nigeria",2020-05-12,"Rivers",1,"NA"
"527","Nigeria",2020-05-13,"Rivers",10,"NA"
"528","Nigeria",2020-05-16,"Rivers",2,"NA"
"529","Nigeria",2020-05-17,"Rivers",16,"NA"
"530","Nigeria",2020-05-18,"Rivers",2,"NA"
"531","Nigeria",2020-04-20,"Sokoto",1,"NA"
"532","Nigeria",2020-04-24,"Sokoto",1,"NA"
"533","Nigeria",2020-04-26,"Sokoto",8,"NA"
"534","Nigeria",2020-04-28,"Sokoto",9,"NA"
"535","Nigeria",2020-04-29,"Sokoto",8,"NA"
"536","Nigeria",2020-04-30,"Sokoto",9,"NA"
"537","Nigeria",2020-05-01,"Sokoto",5,"NA"
"538","Nigeria",2020-05-02,"Sokoto",13,"NA"
"539","Nigeria",2020-05-03,"Sokoto",12,"NA"
"540","Nigeria",2020-05-05,"Sokoto",1,"NA"
"541","Nigeria",2020-05-06,"Sokoto",18,"NA"
"542","Nigeria",2020-05-07,"Sokoto",4,"NA"
"543","Nigeria",2020-05-08,"Sokoto",4,"NA"
"544","Nigeria",2020-05-09,"Sokoto",3,"NA"
"545","Nigeria",2020-05-10,"Sokoto",10,"NA"
"546","Nigeria",2020-05-12,"Sokoto",2,"NA"
"547","Nigeria",2020-05-13,"Sokoto",4,"NA"
"548","Nigeria",2020-05-17,"Sokoto",1,"NA"
"549","Nigeria",2020-04-26,"Taraba",6,"NA"
"550","Nigeria",2020-04-27,"Taraba",2,"NA"
"551","Nigeria",2020-05-05,"Taraba",7,"NA"
"552","Nigeria",2020-05-10,"Taraba",2,"NA"
"553","Nigeria",2020-04-29,"Yobe",1,"NA"
"554","Nigeria",2020-05-01,"Yobe",3,"NA"
"555","Nigeria",2020-05-02,"Yobe",9,"NA"
"556","Nigeria",2020-05-12,"Yobe",7,"NA"
"557","Nigeria",2020-05-14,"Yobe",12,"NA"
"558","Nigeria",2020-04-24,"Zamfara",2,"NA"
"559","Nigeria",2020-04-28,"Zamfara",2,"NA"
"560","Nigeria",2020-05-01,"Zamfara",5,"NA"
"561","Nigeria",2020-05-02,"Zamfara",3,"NA"
"562","Nigeria",2020-05-04,"Zamfara",1,"NA"
"563","Nigeria",2020-05-05,"Zamfara",14,"NA"
"564","Nigeria",2020-05-06,"Zamfara",19,"NA"
"565","Nigeria",2020-05-07,"Zamfara",19,"NA"
"566","Nigeria",2020-05-10,"Zamfara",7,"NA"
"567","Nigeria",2020-05-11,"Zamfara",1,"NA"
"568","Nigeria",2020-05-16,"Zamfara",1,"NA"
"569","Nigeria",2020-05-18,"Zamfara",10,"NA"
