,state,date,region_name,dailycases,note,CODE_2
0,Bahrain,2020-01-22,,0.0,,
1,Bahrain,2020-01-23,,0.0,,
2,Bahrain,2020-01-24,,0.0,,
3,Bahrain,2020-01-25,,0.0,,
4,Bahrain,2020-01-26,,0.0,,
5,Bahrain,2020-01-27,,0.0,,
6,Bahrain,2020-01-28,,0.0,,
7,Bahrain,2020-01-29,,0.0,,
8,Bahrain,2020-01-30,,0.0,,
9,Bahrain,2020-01-31,,0.0,,
10,Bahrain,2020-02-01,,0.0,,
11,Bahrain,2020-02-02,,0.0,,
12,Bahrain,2020-02-03,,0.0,,
13,Bahrain,2020-02-04,,0.0,,
14,Bahrain,2020-02-05,,0.0,,
15,Bahrain,2020-02-06,,0.0,,
16,Bahrain,2020-02-07,,0.0,,
17,Bahrain,2020-02-08,,0.0,,
18,Bahrain,2020-02-09,,0.0,,
19,Bahrain,2020-02-10,,0.0,,
20,Bahrain,2020-02-11,,0.0,,
21,Bahrain,2020-02-12,,0.0,,
22,Bahrain,2020-02-13,,0.0,,
23,Bahrain,2020-02-14,,0.0,,
24,Bahrain,2020-02-15,,0.0,,
25,Bahrain,2020-02-16,,0.0,,
26,Bahrain,2020-02-17,,0.0,,
27,Bahrain,2020-02-18,,0.0,,
28,Bahrain,2020-02-19,,0.0,,
29,Bahrain,2020-02-20,,0.0,,
30,Bahrain,2020-02-21,,0.0,,
31,Bahrain,2020-02-22,,0.0,,
32,Bahrain,2020-02-23,,0.0,,
33,Bahrain,2020-02-24,,1.0,,
34,Bahrain,2020-02-25,,22.0,,
35,Bahrain,2020-02-26,,10.0,,
36,Bahrain,2020-02-27,,0.0,,
37,Bahrain,2020-02-28,,3.0,,
38,Bahrain,2020-02-29,,5.0,,
39,Bahrain,2020-03-01,,6.0,,
40,Bahrain,2020-03-02,,2.0,,
41,Bahrain,2020-03-03,,0.0,,
42,Bahrain,2020-03-04,,3.0,,
43,Bahrain,2020-03-05,,3.0,,
44,Bahrain,2020-03-06,,5.0,,
45,Bahrain,2020-03-07,,25.0,,
46,Bahrain,2020-03-08,,0.0,,
47,Bahrain,2020-03-09,,10.0,,
48,Bahrain,2020-03-10,,15.0,,
49,Bahrain,2020-03-11,,85.0,,
50,Bahrain,2020-03-12,,0.0,,
51,Bahrain,2020-03-13,,-6.0,,
52,Bahrain,2020-03-14,,21.0,,
53,Bahrain,2020-03-15,,4.0,,
54,Bahrain,2020-03-16,,0.0,,
55,Bahrain,2020-03-17,,14.0,,
56,Bahrain,2020-03-18,,28.0,,
57,Bahrain,2020-03-19,,22.0,,
58,Bahrain,2020-03-20,,7.0,,
59,Bahrain,2020-03-21,,20.0,,
60,Bahrain,2020-03-22,,29.0,,
61,Bahrain,2020-03-23,,43.0,,
62,Bahrain,2020-03-24,,15.0,,
63,Bahrain,2020-03-25,,27.0,,
64,Bahrain,2020-03-26,,39.0,,
65,Bahrain,2020-03-27,,8.0,,
66,Bahrain,2020-03-28,,10.0,,
67,Bahrain,2020-03-29,,23.0,,
68,Bahrain,2020-03-30,,16.0,,
69,Bahrain,2020-03-31,,52.0,,
70,Bahrain,2020-04-01,,2.0,,
71,Bahrain,2020-04-02,,74.0,,
72,Bahrain,2020-04-03,,29.0,,
73,Bahrain,2020-04-04,,16.0,,
74,Bahrain,2020-04-05,,12.0,,
75,Bahrain,2020-04-06,,56.0,,
76,Bahrain,2020-04-07,,55.0,,
77,Bahrain,2020-04-08,,12.0,,
78,India,2020-03-26,Andaman and Nicobar,1.0,,IND.1_1
79,India,2020-03-27,Andaman and Nicobar,5.0,,IND.1_1
80,India,2020-03-28,Andaman and Nicobar,3.0,,IND.1_1
81,India,2020-03-30,Andaman and Nicobar,1.0,,IND.1_1
82,India,2020-04-08,Andaman and Nicobar,1.0,,IND.1_1
83,India,2020-04-17,Andaman and Nicobar,1.0,,IND.1_1
84,India,2020-04-18,Andaman and Nicobar,2.0,,IND.1_1
85,India,2020-04-19,Andaman and Nicobar,1.0,,IND.1_1
86,India,2020-04-20,Andaman and Nicobar,1.0,,IND.1_1
87,India,2020-04-21,Andaman and Nicobar,1.0,,IND.1_1
88,India,2020-04-22,Andaman and Nicobar,1.0,,IND.1_1
89,India,2020-04-23,Andaman and Nicobar,4.0,,IND.1_1
90,India,2020-04-24,Andaman and Nicobar,7.0,,IND.1_1
91,India,2020-04-25,Andaman and Nicobar,4.0,,IND.1_1
92,India,2020-03-12,Andhra Pradesh,1.0,,IND.2_1
93,India,2020-03-19,Andhra Pradesh,2.0,,IND.2_1
94,India,2020-03-21,Andhra Pradesh,2.0,,IND.2_1
95,India,2020-03-22,Andhra Pradesh,1.0,,IND.2_1
96,India,2020-03-23,Andhra Pradesh,1.0,,IND.2_1
97,India,2020-03-24,Andhra Pradesh,1.0,,IND.2_1
98,India,2020-03-25,Andhra Pradesh,2.0,,IND.2_1
99,India,2020-03-26,Andhra Pradesh,1.0,,IND.2_1
100,India,2020-03-27,Andhra Pradesh,2.0,,IND.2_1
101,India,2020-03-28,Andhra Pradesh,6.0,,IND.2_1
102,India,2020-03-29,Andhra Pradesh,2.0,,IND.2_1
103,India,2020-03-30,Andhra Pradesh,2.0,,IND.2_1
104,India,2020-03-31,Andhra Pradesh,21.0,,IND.2_1
105,India,2020-04-01,Andhra Pradesh,67.0,,IND.2_1
106,India,2020-04-02,Andhra Pradesh,38.0,,IND.2_1
107,India,2020-04-03,Andhra Pradesh,15.0,,IND.2_1
108,India,2020-04-04,Andhra Pradesh,28.0,,IND.2_1
109,India,2020-04-05,Andhra Pradesh,64.0,,IND.2_1
110,India,2020-04-06,Andhra Pradesh,47.0,,IND.2_1
111,India,2020-04-07,Andhra Pradesh,11.0,,IND.2_1
112,India,2020-04-08,Andhra Pradesh,34.0,,IND.2_1
113,India,2020-04-09,Andhra Pradesh,15.0,,IND.2_1
114,India,2020-04-10,Andhra Pradesh,18.0,,IND.2_1
115,India,2020-04-11,Andhra Pradesh,24.0,,IND.2_1
116,India,2020-04-12,Andhra Pradesh,15.0,,IND.2_1
117,India,2020-04-13,Andhra Pradesh,19.0,,IND.2_1
118,India,2020-04-14,Andhra Pradesh,45.0,,IND.2_1
119,India,2020-04-15,Andhra Pradesh,41.0,,IND.2_1
120,India,2020-04-16,Andhra Pradesh,9.0,,IND.2_1
121,India,2020-04-17,Andhra Pradesh,38.0,,IND.2_1
122,India,2020-04-18,Andhra Pradesh,31.0,,IND.2_1
123,India,2020-04-19,Andhra Pradesh,44.0,,IND.2_1
124,India,2020-04-20,Andhra Pradesh,75.0,,IND.2_1
125,India,2020-04-21,Andhra Pradesh,35.0,,IND.2_1
126,India,2020-04-22,Andhra Pradesh,56.0,,IND.2_1
127,India,2020-04-23,Andhra Pradesh,80.0,,IND.2_1
128,India,2020-04-24,Andhra Pradesh,62.0,,IND.2_1
129,India,2020-04-25,Andhra Pradesh,61.0,,IND.2_1
130,India,2020-04-26,Andhra Pradesh,81.0,,IND.2_1
131,India,2020-04-02,Arunachal Pradesh,1.0,,IND.3_1
132,India,2020-03-31,Assam,1.0,,IND.4_1
133,India,2020-04-01,Assam,15.0,,IND.4_1
134,India,2020-04-03,Assam,7.0,,IND.4_1
135,India,2020-04-04,Assam,3.0,,IND.4_1
136,India,2020-04-07,Assam,2.0,,IND.4_1
137,India,2020-04-09,Assam,1.0,,IND.4_1
138,India,2020-04-12,Assam,1.0,,IND.4_1
139,India,2020-04-13,Assam,2.0,,IND.4_1
140,India,2020-04-14,Assam,1.0,,IND.4_1
141,India,2020-04-16,Assam,2.0,,IND.4_1
142,India,2020-04-23,Assam,1.0,,IND.4_1
143,India,2020-03-22,Bihar,2.0,,IND.5_1
144,India,2020-03-23,Bihar,1.0,,IND.5_1
145,India,2020-03-25,Bihar,1.0,,IND.5_1
146,India,2020-03-26,Bihar,3.0,,IND.5_1
147,India,2020-03-27,Bihar,2.0,,IND.5_1
148,India,2020-03-28,Bihar,2.0,,IND.5_1
149,India,2020-03-29,Bihar,4.0,,IND.5_1
150,India,2020-03-31,Bihar,6.0,,IND.5_1
151,India,2020-04-01,Bihar,3.0,,IND.5_1
152,India,2020-04-02,Bihar,5.0,,IND.5_1
153,India,2020-04-03,Bihar,2.0,,IND.5_1
154,India,2020-04-04,Bihar,1.0,,IND.5_1
155,India,2020-04-07,Bihar,6.0,,IND.5_1
156,India,2020-04-08,Bihar,1.0,,IND.5_1
157,India,2020-04-09,Bihar,19.0,,IND.5_1
158,India,2020-04-10,Bihar,2.0,,IND.5_1
159,India,2020-04-11,Bihar,4.0,,IND.5_1
160,India,2020-04-13,Bihar,2.0,,IND.5_1
161,India,2020-04-15,Bihar,6.0,,IND.5_1
162,India,2020-04-16,Bihar,11.0,,IND.5_1
163,India,2020-04-17,Bihar,2.0,,IND.5_1
164,India,2020-04-18,Bihar,1.0,,IND.5_1
165,India,2020-04-19,Bihar,10.0,,IND.5_1
166,India,2020-04-20,Bihar,17.0,,IND.5_1
167,India,2020-04-21,Bihar,13.0,,IND.5_1
168,India,2020-04-22,Bihar,17.0,,IND.5_1
169,India,2020-04-23,Bihar,27.0,,IND.5_1
170,India,2020-04-24,Bihar,53.0,,IND.5_1
171,India,2020-04-25,Bihar,28.0,,IND.5_1
172,India,2020-04-26,Bihar,26.0,,IND.5_1
173,India,2020-03-19,Chandigarh,1.0,,IND.6_1
174,India,2020-03-20,Chandigarh,4.0,,IND.6_1
175,India,2020-03-22,Chandigarh,1.0,,IND.6_1
176,India,2020-03-23,Chandigarh,1.0,,IND.6_1
177,India,2020-03-27,Chandigarh,1.0,,IND.6_1
178,India,2020-03-30,Chandigarh,5.0,,IND.6_1
179,India,2020-03-31,Chandigarh,2.0,,IND.6_1
180,India,2020-04-01,Chandigarh,2.0,,IND.6_1
181,India,2020-04-02,Chandigarh,1.0,,IND.6_1
182,India,2020-04-10,Chandigarh,1.0,,IND.6_1
183,India,2020-04-12,Chandigarh,2.0,,IND.6_1
184,India,2020-04-18,Chandigarh,2.0,,IND.6_1
185,India,2020-04-19,Chandigarh,3.0,,IND.6_1
186,India,2020-04-21,Chandigarh,1.0,,IND.6_1
187,India,2020-04-25,Chandigarh,1.0,,IND.6_1
188,India,2020-04-26,Chandigarh,8.0,,IND.6_1
189,India,2020-03-19,Chhattisgarh,1.0,,IND.7_1
190,India,2020-03-25,Chhattisgarh,2.0,,IND.7_1
191,India,2020-03-26,Chhattisgarh,3.0,,IND.7_1
192,India,2020-03-28,Chhattisgarh,1.0,,IND.7_1
193,India,2020-03-30,Chhattisgarh,1.0,,IND.7_1
194,India,2020-03-31,Chhattisgarh,1.0,,IND.7_1
195,India,2020-04-04,Chhattisgarh,1.0,,IND.7_1
196,India,2020-04-09,Chhattisgarh,8.0,,IND.7_1
197,India,2020-04-11,Chhattisgarh,7.0,,IND.7_1
198,India,2020-04-12,Chhattisgarh,6.0,,IND.7_1
199,India,2020-04-14,Chhattisgarh,2.0,,IND.7_1
200,India,2020-04-16,Chhattisgarh,3.0,,IND.7_1
201,India,2020-04-25,Chhattisgarh,1.0,,IND.7_1
202,India,2020-03-02,NCT of Delhi,1.0,,IND.25_1
203,India,2020-03-05,NCT of Delhi,1.0,,IND.25_1
204,India,2020-03-06,NCT of Delhi,1.0,,IND.25_1
205,India,2020-03-09,NCT of Delhi,1.0,,IND.25_1
206,India,2020-03-11,NCT of Delhi,1.0,,IND.25_1
207,India,2020-03-12,NCT of Delhi,1.0,,IND.25_1
208,India,2020-03-13,NCT of Delhi,1.0,,IND.25_1
209,India,2020-03-17,NCT of Delhi,3.0,,IND.25_1
210,India,2020-03-18,NCT of Delhi,1.0,,IND.25_1
211,India,2020-03-19,NCT of Delhi,3.0,,IND.25_1
212,India,2020-03-20,NCT of Delhi,6.0,,IND.25_1
213,India,2020-03-21,NCT of Delhi,7.0,,IND.25_1
214,India,2020-03-22,NCT of Delhi,1.0,,IND.25_1
215,India,2020-03-23,NCT of Delhi,2.0,,IND.25_1
216,India,2020-03-25,NCT of Delhi,5.0,,IND.25_1
217,India,2020-03-26,NCT of Delhi,4.0,,IND.25_1
218,India,2020-03-27,NCT of Delhi,1.0,,IND.25_1
219,India,2020-03-28,NCT of Delhi,9.0,,IND.25_1
220,India,2020-03-29,NCT of Delhi,23.0,,IND.25_1
221,India,2020-03-30,NCT of Delhi,25.0,,IND.25_1
222,India,2020-03-31,NCT of Delhi,23.0,,IND.25_1
223,India,2020-04-01,NCT of Delhi,32.0,,IND.25_1
224,India,2020-04-02,NCT of Delhi,141.0,,IND.25_1
225,India,2020-04-03,NCT of Delhi,93.0,,IND.25_1
226,India,2020-04-04,NCT of Delhi,59.0,,IND.25_1
227,India,2020-04-05,NCT of Delhi,58.0,,IND.25_1
228,India,2020-04-06,NCT of Delhi,22.0,,IND.25_1
229,India,2020-04-07,NCT of Delhi,51.0,,IND.25_1
230,India,2020-04-08,NCT of Delhi,93.0,,IND.25_1
231,India,2020-04-09,NCT of Delhi,51.0,,IND.25_1
232,India,2020-04-10,NCT of Delhi,183.0,,IND.25_1
233,India,2020-04-11,NCT of Delhi,166.0,,IND.25_1
234,India,2020-04-12,NCT of Delhi,85.0,,IND.25_1
235,India,2020-04-13,NCT of Delhi,356.0,,IND.25_1
236,India,2020-04-14,NCT of Delhi,51.0,,IND.25_1
237,India,2020-04-15,NCT of Delhi,17.0,,IND.25_1
238,India,2020-04-16,NCT of Delhi,62.0,,IND.25_1
239,India,2020-04-17,NCT of Delhi,67.0,,IND.25_1
240,India,2020-04-18,NCT of Delhi,186.0,,IND.25_1
241,India,2020-04-19,NCT of Delhi,110.0,,IND.25_1
242,India,2020-04-20,NCT of Delhi,78.0,,IND.25_1
243,India,2020-04-21,NCT of Delhi,75.0,,IND.25_1
244,India,2020-04-22,NCT of Delhi,92.0,,IND.25_1
245,India,2020-04-23,NCT of Delhi,128.0,,IND.25_1
246,India,2020-04-24,NCT of Delhi,138.0,,IND.25_1
247,India,2020-04-25,NCT of Delhi,111.0,,IND.25_1
248,India,2020-04-26,NCT of Delhi,293.0,,IND.25_1
249,India,2020-03-25,Goa,3.0,,IND.10_1
250,India,2020-03-29,Goa,2.0,,IND.10_1
251,India,2020-04-03,Goa,1.0,,IND.10_1
252,India,2020-04-04,Goa,1.0,,IND.10_1
253,India,2020-03-19,Gujarat,2.0,,IND.11_1
254,India,2020-03-20,Gujarat,5.0,,IND.11_1
255,India,2020-03-21,Gujarat,7.0,,IND.11_1
256,India,2020-03-22,Gujarat,4.0,,IND.11_1
257,India,2020-03-23,Gujarat,12.0,,IND.11_1
258,India,2020-03-24,Gujarat,6.0,,IND.11_1
259,India,2020-03-25,Gujarat,2.0,,IND.11_1
260,India,2020-03-26,Gujarat,6.0,,IND.11_1
261,India,2020-03-27,Gujarat,3.0,,IND.11_1
262,India,2020-03-28,Gujarat,8.0,,IND.11_1
263,India,2020-03-29,Gujarat,8.0,,IND.11_1
264,India,2020-03-30,Gujarat,7.0,,IND.11_1
265,India,2020-03-31,Gujarat,4.0,,IND.11_1
266,India,2020-04-01,Gujarat,13.0,,IND.11_1
267,India,2020-04-02,Gujarat,1.0,,IND.11_1
268,India,2020-04-03,Gujarat,7.0,,IND.11_1
269,India,2020-04-04,Gujarat,13.0,,IND.11_1
270,India,2020-04-05,Gujarat,20.0,,IND.11_1
271,India,2020-04-06,Gujarat,18.0,,IND.11_1
272,India,2020-04-07,Gujarat,29.0,,IND.11_1
273,India,2020-04-08,Gujarat,11.0,,IND.11_1
274,India,2020-04-09,Gujarat,76.0,,IND.11_1
275,India,2020-04-10,Gujarat,116.0,,IND.11_1
276,India,2020-04-11,Gujarat,90.0,,IND.11_1
277,India,2020-04-12,Gujarat,48.0,,IND.11_1
278,India,2020-04-13,Gujarat,56.0,,IND.11_1
279,India,2020-04-14,Gujarat,78.0,,IND.11_1
280,India,2020-04-15,Gujarat,116.0,,IND.11_1
281,India,2020-04-16,Gujarat,163.0,,IND.11_1
282,India,2020-04-17,Gujarat,170.0,,IND.11_1
283,India,2020-04-18,Gujarat,277.0,,IND.11_1
284,India,2020-04-19,Gujarat,367.0,,IND.11_1
285,India,2020-04-20,Gujarat,196.0,,IND.11_1
286,India,2020-04-21,Gujarat,239.0,,IND.11_1
287,India,2020-04-22,Gujarat,229.0,,IND.11_1
288,India,2020-04-23,Gujarat,217.0,,IND.11_1
289,India,2020-04-24,Gujarat,191.0,,IND.11_1
290,India,2020-04-25,Gujarat,256.0,,IND.11_1
291,India,2020-04-26,Gujarat,230.0,,IND.11_1
292,India,2020-03-04,Haryana,14.0,,IND.12_1
293,India,2020-03-17,Haryana,1.0,,IND.12_1
294,India,2020-03-18,Haryana,2.0,,IND.12_1
295,India,2020-03-20,Haryana,2.0,,IND.12_1
296,India,2020-03-21,Haryana,2.0,,IND.12_1
297,India,2020-03-23,Haryana,7.0,,IND.12_1
298,India,2020-03-24,Haryana,2.0,,IND.12_1
299,India,2020-03-25,Haryana,1.0,,IND.12_1
300,India,2020-03-26,Haryana,1.0,,IND.12_1
301,India,2020-03-27,Haryana,1.0,,IND.12_1
302,India,2020-03-28,Haryana,2.0,,IND.12_1
303,India,2020-03-30,Haryana,1.0,,IND.12_1
304,India,2020-03-31,Haryana,7.0,,IND.12_1
305,India,2020-04-02,Haryana,6.0,,IND.12_1
306,India,2020-04-03,Haryana,9.0,,IND.12_1
307,India,2020-04-04,Haryana,26.0,,IND.12_1
308,India,2020-04-05,Haryana,6.0,,IND.12_1
309,India,2020-04-06,Haryana,20.0,,IND.12_1
310,India,2020-04-07,Haryana,33.0,,IND.12_1
311,India,2020-04-08,Haryana,24.0,,IND.12_1
312,India,2020-04-09,Haryana,3.0,,IND.12_1
313,India,2020-04-10,Haryana,6.0,,IND.12_1
314,India,2020-04-11,Haryana,3.0,,IND.12_1
315,India,2020-04-12,Haryana,16.0,,IND.12_1
316,India,2020-04-13,Haryana,1.0,,IND.12_1
317,India,2020-04-14,Haryana,2.0,,IND.12_1
318,India,2020-04-15,Haryana,6.0,,IND.12_1
319,India,2020-04-16,Haryana,11.0,,IND.12_1
320,India,2020-04-17,Haryana,8.0,,IND.12_1
321,India,2020-04-18,Haryana,9.0,,IND.12_1
322,India,2020-04-19,Haryana,18.0,,IND.12_1
323,India,2020-04-20,Haryana,1.0,,IND.12_1
324,India,2020-04-21,Haryana,4.0,,IND.12_1
325,India,2020-04-22,Haryana,9.0,,IND.12_1
326,India,2020-04-23,Haryana,6.0,,IND.12_1
327,India,2020-04-24,Haryana,5.0,,IND.12_1
328,India,2020-04-25,Haryana,12.0,,IND.12_1
329,India,2020-04-26,Haryana,9.0,,IND.12_1
330,India,2020-03-20,Himachal Pradesh,2.0,,IND.13_1
331,India,2020-03-23,Himachal Pradesh,1.0,,IND.13_1
332,India,2020-04-02,Himachal Pradesh,3.0,,IND.13_1
333,India,2020-04-04,Himachal Pradesh,7.0,,IND.13_1
334,India,2020-04-05,Himachal Pradesh,1.0,,IND.13_1
335,India,2020-04-06,Himachal Pradesh,4.0,,IND.13_1
336,India,2020-04-07,Himachal Pradesh,9.0,,IND.13_1
337,India,2020-04-09,Himachal Pradesh,1.0,,IND.13_1
338,India,2020-04-11,Himachal Pradesh,4.0,,IND.13_1
339,India,2020-04-14,Himachal Pradesh,1.0,,IND.13_1
340,India,2020-04-15,Himachal Pradesh,2.0,,IND.13_1
341,India,2020-04-17,Himachal Pradesh,3.0,,IND.13_1
342,India,2020-04-18,Himachal Pradesh,1.0,,IND.13_1
343,India,2020-04-23,Himachal Pradesh,1.0,,IND.13_1
344,India,2020-03-09,Jammu and Kashmir,1.0,,IND.14_1
345,India,2020-03-13,Jammu and Kashmir,1.0,,IND.14_1
346,India,2020-03-16,Jammu and Kashmir,1.0,,IND.14_1
347,India,2020-03-18,Jammu and Kashmir,1.0,,IND.14_1
348,India,2020-03-24,Jammu and Kashmir,2.0,,IND.14_1
349,India,2020-03-25,Jammu and Kashmir,5.0,,IND.14_1
350,India,2020-03-26,Jammu and Kashmir,3.0,,IND.14_1
351,India,2020-03-27,Jammu and Kashmir,6.0,,IND.14_1
352,India,2020-03-28,Jammu and Kashmir,13.0,,IND.14_1
353,India,2020-03-29,Jammu and Kashmir,5.0,,IND.14_1
354,India,2020-03-30,Jammu and Kashmir,11.0,,IND.14_1
355,India,2020-03-31,Jammu and Kashmir,6.0,,IND.14_1
356,India,2020-04-01,Jammu and Kashmir,7.0,,IND.14_1
357,India,2020-04-02,Jammu and Kashmir,8.0,,IND.14_1
358,India,2020-04-03,Jammu and Kashmir,5.0,,IND.14_1
359,India,2020-04-04,Jammu and Kashmir,17.0,,IND.14_1
360,India,2020-04-05,Jammu and Kashmir,14.0,,IND.14_1
361,India,2020-04-06,Jammu and Kashmir,3.0,,IND.14_1
362,India,2020-04-07,Jammu and Kashmir,16.0,,IND.14_1
363,India,2020-04-08,Jammu and Kashmir,33.0,,IND.14_1
364,India,2020-04-09,Jammu and Kashmir,26.0,,IND.14_1
365,India,2020-04-10,Jammu and Kashmir,23.0,,IND.14_1
366,India,2020-04-11,Jammu and Kashmir,17.0,,IND.14_1
367,India,2020-04-12,Jammu and Kashmir,21.0,,IND.14_1
368,India,2020-04-13,Jammu and Kashmir,25.0,,IND.14_1
369,India,2020-04-14,Jammu and Kashmir,8.0,,IND.14_1
370,India,2020-04-15,Jammu and Kashmir,22.0,,IND.14_1
371,India,2020-04-16,Jammu and Kashmir,14.0,,IND.14_1
372,India,2020-04-17,Jammu and Kashmir,14.0,,IND.14_1
373,India,2020-04-18,Jammu and Kashmir,13.0,,IND.14_1
374,India,2020-04-19,Jammu and Kashmir,13.0,,IND.14_1
375,India,2020-04-20,Jammu and Kashmir,14.0,,IND.14_1
376,India,2020-04-21,Jammu and Kashmir,12.0,,IND.14_1
377,India,2020-04-22,Jammu and Kashmir,27.0,,IND.14_1
378,India,2020-04-23,Jammu and Kashmir,27.0,,IND.14_1
379,India,2020-04-24,Jammu and Kashmir,20.0,,IND.14_1
380,India,2020-04-25,Jammu and Kashmir,40.0,,IND.14_1
381,India,2020-04-26,Jammu and Kashmir,29.0,,IND.14_1
382,India,2020-03-31,Jharkhand,1.0,,IND.15_1
383,India,2020-04-02,Jharkhand,1.0,,IND.15_1
384,India,2020-04-05,Jharkhand,1.0,,IND.15_1
385,India,2020-04-06,Jharkhand,1.0,,IND.15_1
386,India,2020-04-09,Jharkhand,9.0,,IND.15_1
387,India,2020-04-10,Jharkhand,1.0,,IND.15_1
388,India,2020-04-11,Jharkhand,3.0,,IND.15_1
389,India,2020-04-12,Jharkhand,2.0,,IND.15_1
390,India,2020-04-13,Jharkhand,5.0,,IND.15_1
391,India,2020-04-14,Jharkhand,3.0,,IND.15_1
392,India,2020-04-15,Jharkhand,1.0,,IND.15_1
393,India,2020-04-16,Jharkhand,1.0,,IND.15_1
394,India,2020-04-17,Jharkhand,3.0,,IND.15_1
395,India,2020-04-18,Jharkhand,1.0,,IND.15_1
396,India,2020-04-19,Jharkhand,8.0,,IND.15_1
397,India,2020-04-20,Jharkhand,5.0,,IND.15_1
398,India,2020-04-23,Jharkhand,7.0,,IND.15_1
399,India,2020-04-24,Jharkhand,6.0,,IND.15_1
400,India,2020-04-25,Jharkhand,8.0,,IND.15_1
401,India,2020-04-26,Jharkhand,15.0,,IND.15_1
402,India,2020-03-09,Karnataka,1.0,,IND.16_1
403,India,2020-03-10,Karnataka,3.0,,IND.16_1
404,India,2020-03-12,Karnataka,1.0,,IND.16_1
405,India,2020-03-13,Karnataka,1.0,,IND.16_1
406,India,2020-03-16,Karnataka,1.0,,IND.16_1
407,India,2020-03-17,Karnataka,4.0,,IND.16_1
408,India,2020-03-18,Karnataka,3.0,,IND.16_1
409,India,2020-03-19,Karnataka,1.0,,IND.16_1
410,India,2020-03-21,Karnataka,5.0,,IND.16_1
411,India,2020-03-22,Karnataka,6.0,,IND.16_1
412,India,2020-03-23,Karnataka,7.0,,IND.16_1
413,India,2020-03-24,Karnataka,8.0,,IND.16_1
414,India,2020-03-25,Karnataka,10.0,,IND.16_1
415,India,2020-03-26,Karnataka,4.0,,IND.16_1
416,India,2020-03-27,Karnataka,9.0,,IND.16_1
417,India,2020-03-28,Karnataka,12.0,,IND.16_1
418,India,2020-03-29,Karnataka,7.0,,IND.16_1
419,India,2020-03-30,Karnataka,5.0,,IND.16_1
420,India,2020-03-31,Karnataka,13.0,,IND.16_1
421,India,2020-04-01,Karnataka,9.0,,IND.16_1
422,India,2020-04-02,Karnataka,14.0,,IND.16_1
423,India,2020-04-03,Karnataka,4.0,,IND.16_1
424,India,2020-04-04,Karnataka,16.0,,IND.16_1
425,India,2020-04-05,Karnataka,7.0,,IND.16_1
426,India,2020-04-06,Karnataka,12.0,,IND.16_1
427,India,2020-04-07,Karnataka,12.0,,IND.16_1
428,India,2020-04-08,Karnataka,6.0,,IND.16_1
429,India,2020-04-09,Karnataka,16.0,,IND.16_1
430,India,2020-04-10,Karnataka,10.0,,IND.16_1
431,India,2020-04-11,Karnataka,8.0,,IND.16_1
432,India,2020-04-12,Karnataka,17.0,,IND.16_1
433,India,2020-04-13,Karnataka,15.0,,IND.16_1
434,India,2020-04-14,Karnataka,13.0,,IND.16_1
435,India,2020-04-15,Karnataka,19.0,,IND.16_1
436,India,2020-04-16,Karnataka,36.0,,IND.16_1
437,India,2020-04-17,Karnataka,44.0,,IND.16_1
438,India,2020-04-18,Karnataka,25.0,,IND.16_1
439,India,2020-04-19,Karnataka,6.0,,IND.16_1
440,India,2020-04-20,Karnataka,18.0,,IND.16_1
441,India,2020-04-21,Karnataka,10.0,,IND.16_1
442,India,2020-04-22,Karnataka,9.0,,IND.16_1
443,India,2020-04-23,Karnataka,18.0,,IND.16_1
444,India,2020-04-24,Karnataka,29.0,,IND.16_1
445,India,2020-04-25,Karnataka,26.0,,IND.16_1
446,India,2020-04-26,Karnataka,3.0,,IND.16_1
447,India,2020-01-30,Kerala,1.0,,IND.17_1
448,India,2020-02-02,Kerala,1.0,,IND.17_1
449,India,2020-02-03,Kerala,1.0,,IND.17_1
450,India,2020-03-08,Kerala,5.0,,IND.17_1
451,India,2020-03-09,Kerala,1.0,,IND.17_1
452,India,2020-03-10,Kerala,8.0,,IND.17_1
453,India,2020-03-12,Kerala,2.0,,IND.17_1
454,India,2020-03-13,Kerala,3.0,,IND.17_1
455,India,2020-03-15,Kerala,2.0,,IND.17_1
456,India,2020-03-16,Kerala,3.0,,IND.17_1
457,India,2020-03-19,Kerala,1.0,,IND.17_1
458,India,2020-03-20,Kerala,12.0,,IND.17_1
459,India,2020-03-21,Kerala,12.0,,IND.17_1
460,India,2020-03-22,Kerala,15.0,,IND.17_1
461,India,2020-03-23,Kerala,28.0,,IND.17_1
462,India,2020-03-24,Kerala,14.0,,IND.17_1
463,India,2020-03-25,Kerala,9.0,,IND.17_1
464,India,2020-03-26,Kerala,19.0,,IND.17_1
465,India,2020-03-27,Kerala,39.0,,IND.17_1
466,India,2020-03-28,Kerala,6.0,,IND.17_1
467,India,2020-03-29,Kerala,20.0,,IND.17_1
468,India,2020-03-30,Kerala,32.0,,IND.17_1
469,India,2020-03-31,Kerala,7.0,,IND.17_1
470,India,2020-04-01,Kerala,24.0,,IND.17_1
471,India,2020-04-02,Kerala,21.0,,IND.17_1
472,India,2020-04-03,Kerala,9.0,,IND.17_1
473,India,2020-04-04,Kerala,11.0,,IND.17_1
474,India,2020-04-05,Kerala,8.0,,IND.17_1
475,India,2020-04-06,Kerala,13.0,,IND.17_1
476,India,2020-04-07,Kerala,9.0,,IND.17_1
477,India,2020-04-08,Kerala,9.0,,IND.17_1
478,India,2020-04-09,Kerala,12.0,,IND.17_1
479,India,2020-04-10,Kerala,7.0,,IND.17_1
480,India,2020-04-11,Kerala,10.0,,IND.17_1
481,India,2020-04-12,Kerala,2.0,,IND.17_1
482,India,2020-04-13,Kerala,3.0,,IND.17_1
483,India,2020-04-14,Kerala,8.0,,IND.17_1
484,India,2020-04-15,Kerala,1.0,,IND.17_1
485,India,2020-04-16,Kerala,7.0,,IND.17_1
486,India,2020-04-17,Kerala,1.0,,IND.17_1
487,India,2020-04-18,Kerala,4.0,,IND.17_1
488,India,2020-04-19,Kerala,2.0,,IND.17_1
489,India,2020-04-20,Kerala,6.0,,IND.17_1
490,India,2020-04-21,Kerala,19.0,,IND.17_1
491,India,2020-04-22,Kerala,11.0,,IND.17_1
492,India,2020-04-23,Kerala,10.0,,IND.17_1
493,India,2020-04-24,Kerala,3.0,,IND.17_1
494,India,2020-04-25,Kerala,7.0,,IND.17_1
495,India,2020-04-26,Kerala,11.0,,IND.17_1
496,India,2020-03-07,Punjab,2.0,,IND.28_1
497,India,2020-03-11,Punjab,1.0,,IND.28_1
498,India,2020-03-17,Punjab,5.0,,IND.28_1
499,India,2020-03-20,Punjab,2.0,,IND.28_1
500,India,2020-03-21,Punjab,3.0,,IND.28_1
501,India,2020-04-03,Punjab,1.0,,IND.28_1
502,India,2020-04-10,Punjab,1.0,,IND.28_1
503,India,2020-04-13,Punjab,2.0,,IND.28_1
504,India,2020-04-15,Punjab,1.0,,IND.28_1
505,India,2020-04-25,Punjab,2.0,,IND.28_1
506,India,2020-03-20,Madhya Pradesh,4.0,,IND.19_1
507,India,2020-03-22,Madhya Pradesh,2.0,,IND.19_1
508,India,2020-03-24,Madhya Pradesh,1.0,,IND.19_1
509,India,2020-03-25,Madhya Pradesh,8.0,,IND.19_1
510,India,2020-03-26,Madhya Pradesh,5.0,,IND.19_1
511,India,2020-03-27,Madhya Pradesh,9.0,,IND.19_1
512,India,2020-03-28,Madhya Pradesh,10.0,,IND.19_1
513,India,2020-03-30,Madhya Pradesh,8.0,,IND.19_1
514,India,2020-03-31,Madhya Pradesh,19.0,,IND.19_1
515,India,2020-04-01,Madhya Pradesh,32.0,,IND.19_1
516,India,2020-04-02,Madhya Pradesh,9.0,,IND.19_1
517,India,2020-04-03,Madhya Pradesh,47.0,,IND.19_1
518,India,2020-04-04,Madhya Pradesh,25.0,,IND.19_1
519,India,2020-04-05,Madhya Pradesh,14.0,,IND.19_1
520,India,2020-04-06,Madhya Pradesh,63.0,,IND.19_1
521,India,2020-04-07,Madhya Pradesh,34.0,,IND.19_1
522,India,2020-04-08,Madhya Pradesh,51.0,,IND.19_1
523,India,2020-04-09,Madhya Pradesh,70.0,,IND.19_1
524,India,2020-04-10,Madhya Pradesh,40.0,,IND.19_1
525,India,2020-04-11,Madhya Pradesh,78.0,,IND.19_1
526,India,2020-04-12,Madhya Pradesh,33.0,,IND.19_1
527,India,2020-04-13,Madhya Pradesh,52.0,,IND.19_1
528,India,2020-04-14,Madhya Pradesh,127.0,,IND.19_1
529,India,2020-04-15,Madhya Pradesh,197.0,,IND.19_1
530,India,2020-04-16,Madhya Pradesh,226.0,,IND.19_1
531,India,2020-04-17,Madhya Pradesh,146.0,,IND.19_1
532,India,2020-04-18,Madhya Pradesh,92.0,,IND.19_1
533,India,2020-04-19,Madhya Pradesh,5.0,,IND.19_1
534,India,2020-04-20,Madhya Pradesh,78.0,,IND.19_1
535,India,2020-04-21,Madhya Pradesh,67.0,,IND.19_1
536,India,2020-04-22,Madhya Pradesh,35.0,,IND.19_1
537,India,2020-04-23,Madhya Pradesh,100.0,,IND.19_1
538,India,2020-04-24,Madhya Pradesh,159.0,,IND.19_1
539,India,2020-04-25,Madhya Pradesh,99.0,,IND.19_1
540,India,2020-04-26,Madhya Pradesh,145.0,,IND.19_1
541,India,2020-03-09,Maharashtra,2.0,,IND.20_1
542,India,2020-03-10,Maharashtra,3.0,,IND.20_1
543,India,2020-03-11,Maharashtra,6.0,,IND.20_1
544,India,2020-03-12,Maharashtra,3.0,,IND.20_1
545,India,2020-03-13,Maharashtra,3.0,,IND.20_1
546,India,2020-03-14,Maharashtra,9.0,,IND.20_1
547,India,2020-03-15,Maharashtra,6.0,,IND.20_1
548,India,2020-03-16,Maharashtra,7.0,,IND.20_1
549,India,2020-03-17,Maharashtra,2.0,,IND.20_1
550,India,2020-03-18,Maharashtra,4.0,,IND.20_1
551,India,2020-03-19,Maharashtra,3.0,,IND.20_1
552,India,2020-03-20,Maharashtra,4.0,,IND.20_1
553,India,2020-03-21,Maharashtra,12.0,,IND.20_1
554,India,2020-03-22,Maharashtra,10.0,,IND.20_1
555,India,2020-03-23,Maharashtra,15.0,,IND.20_1
556,India,2020-03-24,Maharashtra,18.0,,IND.20_1
557,India,2020-03-25,Maharashtra,15.0,,IND.20_1
558,India,2020-03-26,Maharashtra,3.0,,IND.20_1
559,India,2020-03-27,Maharashtra,28.0,,IND.20_1
560,India,2020-03-28,Maharashtra,28.0,,IND.20_1
561,India,2020-03-29,Maharashtra,22.0,,IND.20_1
562,India,2020-03-30,Maharashtra,17.0,,IND.20_1
563,India,2020-03-31,Maharashtra,82.0,,IND.20_1
564,India,2020-04-01,Maharashtra,33.0,,IND.20_1
565,India,2020-04-02,Maharashtra,88.0,,IND.20_1
566,India,2020-04-03,Maharashtra,64.0,,IND.20_1
567,India,2020-04-04,Maharashtra,148.0,,IND.20_1
568,India,2020-04-05,Maharashtra,112.0,,IND.20_1
569,India,2020-04-06,Maharashtra,121.0,,IND.20_1
570,India,2020-04-07,Maharashtra,150.0,,IND.20_1
571,India,2020-04-08,Maharashtra,117.0,,IND.20_1
572,India,2020-04-09,Maharashtra,229.0,,IND.20_1
573,India,2020-04-10,Maharashtra,210.0,,IND.20_1
574,India,2020-04-11,Maharashtra,187.0,,IND.20_1
575,India,2020-04-12,Maharashtra,221.0,,IND.20_1
576,India,2020-04-13,Maharashtra,352.0,,IND.20_1
577,India,2020-04-14,Maharashtra,346.0,,IND.20_1
578,India,2020-04-15,Maharashtra,236.0,,IND.20_1
579,India,2020-04-16,Maharashtra,285.0,,IND.20_1
580,India,2020-04-17,Maharashtra,120.0,,IND.20_1
581,India,2020-04-18,Maharashtra,327.0,,IND.20_1
582,India,2020-04-19,Maharashtra,552.0,,IND.20_1
583,India,2020-04-20,Maharashtra,466.0,,IND.20_1
584,India,2020-04-21,Maharashtra,552.0,,IND.20_1
585,India,2020-04-22,Maharashtra,431.0,,IND.20_1
586,India,2020-04-23,Maharashtra,778.0,,IND.20_1
587,India,2020-04-24,Maharashtra,390.0,,IND.20_1
588,India,2020-04-25,Maharashtra,811.0,,IND.20_1
589,India,2020-04-26,Maharashtra,440.0,,IND.20_1
590,India,2020-03-24,Manipur,1.0,,IND.21_1
591,India,2020-04-02,Manipur,1.0,,IND.21_1
592,India,2020-04-13,Meghalaya,1.0,,IND.22_1
593,India,2020-04-15,Meghalaya,6.0,,IND.22_1
594,India,2020-04-16,Meghalaya,2.0,,IND.22_1
595,India,2020-04-18,Meghalaya,2.0,,IND.22_1
596,India,2020-04-21,Meghalaya,1.0,,IND.22_1
597,India,2020-03-25,Mizoram,1.0,,IND.23_1
598,India,2020-03-16,Odisha,1.0,,IND.26_1
599,India,2020-03-19,Odisha,1.0,,IND.26_1
600,India,2020-03-26,Odisha,1.0,,IND.26_1
601,India,2020-03-31,Odisha,1.0,,IND.26_1
602,India,2020-04-01,Odisha,1.0,,IND.26_1
603,India,2020-04-03,Odisha,15.0,,IND.26_1
604,India,2020-04-04,Odisha,1.0,,IND.26_1
605,India,2020-04-05,Odisha,18.0,,IND.26_1
606,India,2020-04-06,Odisha,1.0,,IND.26_1
607,India,2020-04-07,Odisha,2.0,,IND.26_1
608,India,2020-04-09,Odisha,6.0,,IND.26_1
609,India,2020-04-10,Odisha,2.0,,IND.26_1
610,India,2020-04-11,Odisha,4.0,,IND.26_1
611,India,2020-04-13,Odisha,1.0,,IND.26_1
612,India,2020-04-14,Odisha,5.0,,IND.26_1
613,India,2020-04-18,Odisha,1.0,,IND.26_1
614,India,2020-04-20,Odisha,13.0,,IND.26_1
615,India,2020-04-21,Odisha,5.0,,IND.26_1
616,India,2020-04-22,Odisha,4.0,,IND.26_1
617,India,2020-04-23,Odisha,6.0,,IND.26_1
618,India,2020-04-24,Odisha,5.0,,IND.26_1
619,India,2020-04-25,Odisha,6.0,,IND.26_1
620,India,2020-04-26,Odisha,3.0,,IND.26_1
621,India,2020-03-17,Puducherry,1.0,,IND.27_1
622,India,2020-04-01,Puducherry,2.0,,IND.27_1
623,India,2020-04-02,Puducherry,2.0,,IND.27_1
624,India,2020-04-10,Puducherry,2.0,,IND.27_1
625,India,2020-04-25,Puducherry,1.0,,IND.27_1
626,India,2020-03-09,Punjab,1.0,,IND.28_1
627,India,2020-03-19,Punjab,1.0,,IND.28_1
628,India,2020-03-20,Punjab,1.0,,IND.28_1
629,India,2020-03-21,Punjab,10.0,,IND.28_1
630,India,2020-03-22,Punjab,8.0,,IND.28_1
631,India,2020-03-23,Punjab,2.0,,IND.28_1
632,India,2020-03-24,Punjab,6.0,,IND.28_1
633,India,2020-03-25,Punjab,2.0,,IND.28_1
634,India,2020-03-26,Punjab,2.0,,IND.28_1
635,India,2020-03-27,Punjab,5.0,,IND.28_1
636,India,2020-03-30,Punjab,3.0,,IND.28_1
637,India,2020-03-31,Punjab,1.0,,IND.28_1
638,India,2020-04-01,Punjab,4.0,,IND.28_1
639,India,2020-04-02,Punjab,1.0,,IND.28_1
640,India,2020-04-03,Punjab,6.0,,IND.28_1
641,India,2020-04-04,Punjab,12.0,,IND.28_1
642,India,2020-04-05,Punjab,3.0,,IND.28_1
643,India,2020-04-06,Punjab,11.0,,IND.28_1
644,India,2020-04-07,Punjab,20.0,,IND.28_1
645,India,2020-04-08,Punjab,7.0,,IND.28_1
646,India,2020-04-09,Punjab,24.0,,IND.28_1
647,India,2020-04-10,Punjab,21.0,,IND.28_1
648,India,2020-04-11,Punjab,7.0,,IND.28_1
649,India,2020-04-12,Punjab,12.0,,IND.28_1
650,India,2020-04-13,Punjab,6.0,,IND.28_1
651,India,2020-04-14,Punjab,8.0,,IND.28_1
652,India,2020-04-15,Punjab,2.0,,IND.28_1
653,India,2020-04-16,Punjab,11.0,,IND.28_1
654,India,2020-04-17,Punjab,14.0,,IND.28_1
655,India,2020-04-18,Punjab,23.0,,IND.28_1
656,India,2020-04-19,Punjab,10.0,,IND.28_1
657,India,2020-04-20,Punjab,1.0,,IND.28_1
658,India,2020-04-21,Punjab,6.0,,IND.28_1
659,India,2020-04-22,Punjab,27.0,,IND.28_1
660,India,2020-04-23,Punjab,5.0,,IND.28_1
661,India,2020-04-24,Punjab,15.0,,IND.28_1
662,India,2020-04-25,Punjab,10.0,,IND.28_1
663,India,2020-04-26,Punjab,14.0,,IND.28_1
664,India,2020-03-03,Rajasthan,1.0,,IND.29_1
665,India,2020-03-04,Rajasthan,1.0,,IND.29_1
666,India,2020-03-10,Rajasthan,1.0,,IND.29_1
667,India,2020-03-14,Rajasthan,1.0,,IND.29_1
668,India,2020-03-18,Rajasthan,3.0,,IND.29_1
669,India,2020-03-19,Rajasthan,2.0,,IND.29_1
670,India,2020-03-20,Rajasthan,8.0,,IND.29_1
671,India,2020-03-21,Rajasthan,7.0,,IND.29_1
672,India,2020-03-22,Rajasthan,5.0,,IND.29_1
673,India,2020-03-23,Rajasthan,3.0,,IND.29_1
674,India,2020-03-25,Rajasthan,6.0,,IND.29_1
675,India,2020-03-26,Rajasthan,5.0,,IND.29_1
676,India,2020-03-27,Rajasthan,7.0,,IND.29_1
677,India,2020-03-28,Rajasthan,4.0,,IND.29_1
678,India,2020-03-29,Rajasthan,5.0,,IND.29_1
679,India,2020-03-30,Rajasthan,20.0,,IND.29_1
680,India,2020-03-31,Rajasthan,14.0,,IND.29_1
681,India,2020-04-01,Rajasthan,27.0,,IND.29_1
682,India,2020-04-02,Rajasthan,13.0,,IND.29_1
683,India,2020-04-03,Rajasthan,46.0,,IND.29_1
684,India,2020-04-04,Rajasthan,27.0,,IND.29_1
685,India,2020-04-05,Rajasthan,60.0,,IND.29_1
686,India,2020-04-06,Rajasthan,35.0,,IND.29_1
687,India,2020-04-07,Rajasthan,42.0,,IND.29_1
688,India,2020-04-08,Rajasthan,40.0,,IND.29_1
689,India,2020-04-09,Rajasthan,80.0,,IND.29_1
690,India,2020-04-10,Rajasthan,98.0,,IND.29_1
691,India,2020-04-11,Rajasthan,139.0,,IND.29_1
692,India,2020-04-12,Rajasthan,104.0,,IND.29_1
693,India,2020-04-13,Rajasthan,93.0,,IND.29_1
694,India,2020-04-14,Rajasthan,108.0,,IND.29_1
695,India,2020-04-15,Rajasthan,71.0,,IND.29_1
696,India,2020-04-16,Rajasthan,55.0,,IND.29_1
697,India,2020-04-17,Rajasthan,98.0,,IND.29_1
698,India,2020-04-18,Rajasthan,122.0,,IND.29_1
699,India,2020-04-19,Rajasthan,127.0,,IND.29_1
700,India,2020-04-20,Rajasthan,98.0,,IND.29_1
701,India,2020-04-21,Rajasthan,159.0,,IND.29_1
702,India,2020-04-22,Rajasthan,153.0,,IND.29_1
703,India,2020-04-23,Rajasthan,76.0,,IND.29_1
704,India,2020-04-24,Rajasthan,70.0,,IND.29_1
705,India,2020-04-25,Rajasthan,49.0,,IND.29_1
706,India,2020-04-26,Rajasthan,102.0,,IND.29_1
707,India,2020-03-07,Tamil Nadu,1.0,,IND.31_1
708,India,2020-03-18,Tamil Nadu,1.0,,IND.31_1
709,India,2020-03-19,Tamil Nadu,1.0,,IND.31_1
710,India,2020-03-21,Tamil Nadu,3.0,,IND.31_1
711,India,2020-03-22,Tamil Nadu,3.0,,IND.31_1
712,India,2020-03-23,Tamil Nadu,3.0,,IND.31_1
713,India,2020-03-24,Tamil Nadu,6.0,,IND.31_1
714,India,2020-03-25,Tamil Nadu,8.0,,IND.31_1
715,India,2020-03-26,Tamil Nadu,3.0,,IND.31_1
716,India,2020-03-27,Tamil Nadu,9.0,,IND.31_1
717,India,2020-03-28,Tamil Nadu,4.0,,IND.31_1
718,India,2020-03-29,Tamil Nadu,8.0,,IND.31_1
719,India,2020-03-30,Tamil Nadu,17.0,,IND.31_1
720,India,2020-03-31,Tamil Nadu,57.0,,IND.31_1
721,India,2020-04-01,Tamil Nadu,110.0,,IND.31_1
722,India,2020-04-02,Tamil Nadu,75.0,,IND.31_1
723,India,2020-04-03,Tamil Nadu,102.0,,IND.31_1
724,India,2020-04-04,Tamil Nadu,74.0,,IND.31_1
725,India,2020-04-05,Tamil Nadu,86.0,,IND.31_1
726,India,2020-04-06,Tamil Nadu,50.0,,IND.31_1
727,India,2020-04-07,Tamil Nadu,69.0,,IND.31_1
728,India,2020-04-08,Tamil Nadu,48.0,,IND.31_1
729,India,2020-04-09,Tamil Nadu,96.0,,IND.31_1
730,India,2020-04-10,Tamil Nadu,77.0,,IND.31_1
731,India,2020-04-11,Tamil Nadu,58.0,,IND.31_1
732,India,2020-04-12,Tamil Nadu,106.0,,IND.31_1
733,India,2020-04-13,Tamil Nadu,98.0,,IND.31_1
734,India,2020-04-14,Tamil Nadu,31.0,,IND.31_1
735,India,2020-04-15,Tamil Nadu,38.0,,IND.31_1
736,India,2020-04-16,Tamil Nadu,25.0,,IND.31_1
737,India,2020-04-17,Tamil Nadu,56.0,,IND.31_1
738,India,2020-04-18,Tamil Nadu,49.0,,IND.31_1
739,India,2020-04-19,Tamil Nadu,105.0,,IND.31_1
740,India,2020-04-20,Tamil Nadu,43.0,,IND.31_1
741,India,2020-04-21,Tamil Nadu,76.0,,IND.31_1
742,India,2020-04-22,Tamil Nadu,33.0,,IND.31_1
743,India,2020-04-23,Tamil Nadu,54.0,,IND.31_1
744,India,2020-04-24,Tamil Nadu,72.0,,IND.31_1
745,India,2020-04-25,Tamil Nadu,66.0,,IND.31_1
746,India,2020-04-26,Tamil Nadu,64.0,,IND.31_1
747,India,2020-03-02,Telangana,1.0,,IND.32_1
748,India,2020-03-14,Telangana,1.0,,IND.32_1
749,India,2020-03-15,Telangana,1.0,,IND.32_1
750,India,2020-03-16,Telangana,1.0,,IND.32_1
751,India,2020-03-17,Telangana,1.0,,IND.32_1
752,India,2020-03-18,Telangana,8.0,,IND.32_1
753,India,2020-03-19,Telangana,3.0,,IND.32_1
754,India,2020-03-20,Telangana,3.0,,IND.32_1
755,India,2020-03-21,Telangana,2.0,,IND.32_1
756,India,2020-03-22,Telangana,6.0,,IND.32_1
757,India,2020-03-23,Telangana,6.0,,IND.32_1
758,India,2020-03-24,Telangana,6.0,,IND.32_1
759,India,2020-03-25,Telangana,2.0,,IND.32_1
760,India,2020-03-26,Telangana,4.0,,IND.32_1
761,India,2020-03-27,Telangana,14.0,,IND.32_1
762,India,2020-03-28,Telangana,8.0,,IND.32_1
763,India,2020-03-29,Telangana,3.0,,IND.32_1
764,India,2020-03-30,Telangana,7.0,,IND.32_1
765,India,2020-03-31,Telangana,20.0,,IND.32_1
766,India,2020-04-01,Telangana,30.0,,IND.32_1
767,India,2020-04-02,Telangana,27.0,,IND.32_1
768,India,2020-04-03,Telangana,75.0,,IND.32_1
769,India,2020-04-04,Telangana,43.0,,IND.32_1
770,India,2020-04-05,Telangana,62.0,,IND.32_1
771,India,2020-04-06,Telangana,30.0,,IND.32_1
772,India,2020-04-07,Telangana,40.0,,IND.32_1
773,India,2020-04-08,Telangana,49.0,,IND.32_1
774,India,2020-04-09,Telangana,18.0,,IND.32_1
775,India,2020-04-10,Telangana,16.0,,IND.32_1
776,India,2020-04-11,Telangana,16.0,,IND.32_1
777,India,2020-04-12,Telangana,28.0,,IND.32_1
778,India,2020-04-13,Telangana,61.0,,IND.32_1
779,India,2020-04-14,Telangana,52.0,,IND.32_1
780,India,2020-04-15,Telangana,6.0,,IND.32_1
781,India,2020-04-16,Telangana,50.0,,IND.32_1
782,India,2020-04-17,Telangana,66.0,,IND.32_1
783,India,2020-04-18,Telangana,43.0,,IND.32_1
784,India,2020-04-19,Telangana,49.0,,IND.32_1
785,India,2020-04-20,Telangana,14.0,,IND.32_1
786,India,2020-04-21,Telangana,56.0,,IND.32_1
787,India,2020-04-22,Telangana,15.0,,IND.32_1
788,India,2020-04-23,Telangana,27.0,,IND.32_1
789,India,2020-04-24,Telangana,13.0,,IND.32_1
790,India,2020-04-25,Telangana,7.0,,IND.32_1
791,India,2020-04-26,Telangana,11.0,,IND.32_1
792,India,2020-04-06,Tripura,1.0,,IND.33_1
793,India,2020-04-10,Tripura,1.0,,IND.33_1
794,India,2020-03-04,Uttar Pradesh,7.0,,IND.34_1
795,India,2020-03-05,Uttar Pradesh,1.0,,IND.34_1
796,India,2020-03-09,Uttar Pradesh,2.0,,IND.34_1
797,India,2020-03-12,Uttar Pradesh,2.0,,IND.34_1
798,India,2020-03-13,Uttar Pradesh,1.0,,IND.34_1
799,India,2020-03-17,Uttar Pradesh,2.0,,IND.34_1
800,India,2020-03-18,Uttar Pradesh,2.0,,IND.34_1
801,India,2020-03-19,Uttar Pradesh,3.0,,IND.34_1
802,India,2020-03-20,Uttar Pradesh,4.0,,IND.34_1
803,India,2020-03-21,Uttar Pradesh,4.0,,IND.34_1
804,India,2020-03-22,Uttar Pradesh,2.0,,IND.34_1
805,India,2020-03-23,Uttar Pradesh,4.0,,IND.34_1
806,India,2020-03-24,Uttar Pradesh,1.0,,IND.34_1
807,India,2020-03-25,Uttar Pradesh,3.0,,IND.34_1
808,India,2020-03-26,Uttar Pradesh,4.0,,IND.34_1
809,India,2020-03-27,Uttar Pradesh,7.0,,IND.34_1
810,India,2020-03-28,Uttar Pradesh,16.0,,IND.34_1
811,India,2020-03-29,Uttar Pradesh,7.0,,IND.34_1
812,India,2020-03-30,Uttar Pradesh,24.0,,IND.34_1
813,India,2020-03-31,Uttar Pradesh,8.0,,IND.34_1
814,India,2020-04-01,Uttar Pradesh,13.0,,IND.34_1
815,India,2020-04-02,Uttar Pradesh,11.0,,IND.34_1
816,India,2020-04-03,Uttar Pradesh,46.0,,IND.34_1
817,India,2020-04-04,Uttar Pradesh,60.0,,IND.34_1
818,India,2020-04-05,Uttar Pradesh,44.0,,IND.34_1
819,India,2020-04-06,Uttar Pradesh,27.0,,IND.34_1
820,India,2020-04-07,Uttar Pradesh,27.0,,IND.34_1
821,India,2020-04-08,Uttar Pradesh,29.0,,IND.34_1
822,India,2020-04-09,Uttar Pradesh,49.0,,IND.34_1
823,India,2020-04-10,Uttar Pradesh,23.0,,IND.34_1
824,India,2020-04-11,Uttar Pradesh,19.0,,IND.34_1
825,India,2020-04-12,Uttar Pradesh,31.0,,IND.34_1
826,India,2020-04-13,Uttar Pradesh,75.0,,IND.34_1
827,India,2020-04-14,Uttar Pradesh,102.0,,IND.34_1
828,India,2020-04-15,Uttar Pradesh,75.0,,IND.34_1
829,India,2020-04-16,Uttar Pradesh,70.0,,IND.34_1
830,India,2020-04-17,Uttar Pradesh,44.0,,IND.34_1
831,India,2020-04-18,Uttar Pradesh,126.0,,IND.34_1
832,India,2020-04-19,Uttar Pradesh,125.0,,IND.34_1
833,India,2020-04-20,Uttar Pradesh,84.0,,IND.34_1
834,India,2020-04-21,Uttar Pradesh,153.0,,IND.34_1
835,India,2020-04-22,Uttar Pradesh,112.0,,IND.34_1
836,India,2020-04-23,Uttar Pradesh,61.0,,IND.34_1
837,India,2020-04-24,Uttar Pradesh,111.0,,IND.34_1
838,India,2020-04-25,Uttar Pradesh,172.0,,IND.34_1
839,India,2020-04-26,Uttar Pradesh,80.0,,IND.34_1
840,India,2020-03-15,Uttarakhand,1.0,,IND.35_1
841,India,2020-03-19,Uttarakhand,2.0,,IND.35_1
842,India,2020-03-23,Uttarakhand,1.0,,IND.35_1
843,India,2020-03-25,Uttarakhand,1.0,,IND.35_1
844,India,2020-03-28,Uttarakhand,1.0,,IND.35_1
845,India,2020-03-29,Uttarakhand,1.0,,IND.35_1
846,India,2020-04-02,Uttarakhand,3.0,,IND.35_1
847,India,2020-04-03,Uttarakhand,6.0,,IND.35_1
848,India,2020-04-04,Uttarakhand,6.0,,IND.35_1
849,India,2020-04-05,Uttarakhand,4.0,,IND.35_1
850,India,2020-04-06,Uttarakhand,5.0,,IND.35_1
851,India,2020-04-08,Uttarakhand,4.0,,IND.35_1
852,India,2020-04-14,Uttarakhand,2.0,,IND.35_1
853,India,2020-04-17,Uttarakhand,3.0,,IND.35_1
854,India,2020-04-18,Uttarakhand,2.0,,IND.35_1
855,India,2020-04-19,Uttarakhand,2.0,,IND.35_1
856,India,2020-04-20,Uttarakhand,2.0,,IND.35_1
857,India,2020-04-23,Uttarakhand,1.0,,IND.35_1
858,India,2020-04-24,Uttarakhand,1.0,,IND.35_1
859,India,2020-04-26,Uttarakhand,3.0,,IND.35_1
860,India,2020-03-17,West Bengal,1.0,,IND.36_1
861,India,2020-03-20,West Bengal,1.0,,IND.36_1
862,India,2020-03-21,West Bengal,2.0,,IND.36_1
863,India,2020-03-22,West Bengal,3.0,,IND.36_1
864,India,2020-03-24,West Bengal,2.0,,IND.36_1
865,India,2020-03-26,West Bengal,1.0,,IND.36_1
866,India,2020-03-27,West Bengal,5.0,,IND.36_1
867,India,2020-03-28,West Bengal,3.0,,IND.36_1
868,India,2020-03-29,West Bengal,3.0,,IND.36_1
869,India,2020-03-30,West Bengal,1.0,,IND.36_1
870,India,2020-03-31,West Bengal,15.0,,IND.36_1
871,India,2020-04-02,West Bengal,16.0,,IND.36_1
872,India,2020-04-05,West Bengal,27.0,,IND.36_1
873,India,2020-04-07,West Bengal,11.0,,IND.36_1
874,India,2020-04-08,West Bengal,8.0,,IND.36_1
875,India,2020-04-09,West Bengal,4.0,,IND.36_1
876,India,2020-04-10,West Bengal,13.0,,IND.36_1
877,India,2020-04-11,West Bengal,10.0,,IND.36_1
878,India,2020-04-12,West Bengal,8.0,,IND.36_1
879,India,2020-04-13,West Bengal,18.0,,IND.36_1
880,India,2020-04-14,West Bengal,38.0,,IND.36_1
881,India,2020-04-15,West Bengal,23.0,,IND.36_1
882,India,2020-04-16,West Bengal,18.0,,IND.36_1
883,India,2020-04-17,West Bengal,24.0,,IND.36_1
884,India,2020-04-18,West Bengal,32.0,,IND.36_1
885,India,2020-04-19,West Bengal,23.0,,IND.36_1
886,India,2020-04-20,West Bengal,29.0,,IND.36_1
887,India,2020-04-21,West Bengal,53.0,,IND.36_1
888,India,2020-04-22,West Bengal,31.0,,IND.36_1
889,India,2020-04-23,West Bengal,33.0,,IND.36_1
890,India,2020-04-24,West Bengal,58.0,,IND.36_1
891,India,2020-04-25,West Bengal,57.0,,IND.36_1
892,India,2020-04-26,West Bengal,40.0,,IND.36_1
893,Lebanon,2020-01-22,,0.0,,
894,Lebanon,2020-01-23,,0.0,,
895,Lebanon,2020-01-24,,0.0,,
896,Lebanon,2020-01-25,,0.0,,
897,Lebanon,2020-01-26,,0.0,,
898,Lebanon,2020-01-27,,0.0,,
899,Lebanon,2020-01-28,,0.0,,
900,Lebanon,2020-01-29,,0.0,,
901,Lebanon,2020-01-30,,0.0,,
902,Lebanon,2020-01-31,,0.0,,
903,Lebanon,2020-02-01,,0.0,,
904,Lebanon,2020-02-02,,0.0,,
905,Lebanon,2020-02-03,,0.0,,
906,Lebanon,2020-02-04,,0.0,,
907,Lebanon,2020-02-05,,0.0,,
908,Lebanon,2020-02-06,,0.0,,
909,Lebanon,2020-02-07,,0.0,,
910,Lebanon,2020-02-08,,0.0,,
911,Lebanon,2020-02-09,,0.0,,
912,Lebanon,2020-02-10,,0.0,,
913,Lebanon,2020-02-11,,0.0,,
914,Lebanon,2020-02-12,,0.0,,
915,Lebanon,2020-02-13,,0.0,,
916,Lebanon,2020-02-14,,0.0,,
917,Lebanon,2020-02-15,,0.0,,
918,Lebanon,2020-02-16,,0.0,,
919,Lebanon,2020-02-17,,0.0,,
920,Lebanon,2020-02-18,,0.0,,
921,Lebanon,2020-02-19,,0.0,,
922,Lebanon,2020-02-20,,0.0,,
923,Lebanon,2020-02-21,,1.0,,
924,Lebanon,2020-02-22,,0.0,,
925,Lebanon,2020-02-23,,0.0,,
926,Lebanon,2020-02-24,,0.0,,
927,Lebanon,2020-02-25,,0.0,,
928,Lebanon,2020-02-26,,1.0,,
929,Lebanon,2020-02-27,,0.0,,
930,Lebanon,2020-02-28,,0.0,,
931,Lebanon,2020-02-29,,2.0,,
932,Lebanon,2020-03-01,,6.0,,
933,Lebanon,2020-03-02,,3.0,,
934,Lebanon,2020-03-03,,0.0,,
935,Lebanon,2020-03-04,,0.0,,
936,Lebanon,2020-03-05,,3.0,,
937,Lebanon,2020-03-06,,6.0,,
938,Lebanon,2020-03-07,,0.0,,
939,Lebanon,2020-03-08,,10.0,,
940,Lebanon,2020-03-09,,0.0,,
941,Lebanon,2020-03-10,,9.0,,
942,Lebanon,2020-03-11,,20.0,,
943,Lebanon,2020-03-12,,0.0,,
944,Lebanon,2020-03-13,,16.0,,
945,Lebanon,2020-03-14,,16.0,,
946,Lebanon,2020-03-15,,17.0,,
947,Lebanon,2020-03-16,,-11.0,,
948,Lebanon,2020-03-17,,21.0,,
949,Lebanon,2020-03-18,,13.0,,
950,Lebanon,2020-03-19,,24.0,,
951,Lebanon,2020-03-20,,6.0,,
952,Lebanon,2020-03-21,,24.0,,
953,Lebanon,2020-03-22,,61.0,,
954,Lebanon,2020-03-23,,19.0,,
955,Lebanon,2020-03-24,,51.0,,
956,Lebanon,2020-03-25,,15.0,,
957,Lebanon,2020-03-26,,35.0,,
958,Lebanon,2020-03-27,,23.0,,
959,Lebanon,2020-03-28,,21.0,,
960,Lebanon,2020-03-29,,26.0,,
961,Lebanon,2020-03-30,,8.0,,
962,Lebanon,2020-03-31,,24.0,,
963,Lebanon,2020-04-01,,9.0,,
964,Lebanon,2020-04-02,,15.0,,
965,Lebanon,2020-04-03,,14.0,,
966,Lebanon,2020-04-04,,12.0,,
967,Lebanon,2020-04-05,,7.0,,
968,Lebanon,2020-04-06,,14.0,,
969,Lebanon,2020-04-07,,7.0,,
970,Lebanon,2020-04-08,,28.0,,
971,Pakistan,2020-04-04,Azad Kashmir,14.0,,PAK.1_1
972,Pakistan,2020-04-06,Azad Kashmir,1.0,,PAK.1_1
973,Pakistan,2020-04-07,Azad Kashmir,13.0,,PAK.1_1
974,Pakistan,2020-04-08,Azad Kashmir,0.0,,PAK.1_1
975,Pakistan,2020-04-09,Azad Kashmir,5.0,,PAK.1_1
976,Pakistan,2020-04-10,Azad Kashmir,0.0,,PAK.1_1
977,Pakistan,2020-04-11,Azad Kashmir,1.0,,PAK.1_1
978,Pakistan,2020-04-12,Azad Kashmir,6.0,,PAK.1_1
979,Pakistan,2020-04-13,Azad Kashmir,3.0,,PAK.1_1
980,Pakistan,2020-04-14,Azad Kashmir,0.0,,PAK.1_1
981,Pakistan,2020-04-15,Azad Kashmir,3.0,,PAK.1_1
982,Pakistan,2020-04-16,Azad Kashmir,0.0,,PAK.1_1
983,Pakistan,2020-04-17,Azad Kashmir,0.0,,PAK.1_1
984,Pakistan,2020-04-18,Azad Kashmir,2.0,,PAK.1_1
985,Pakistan,2020-04-19,Azad Kashmir,0.0,,PAK.1_1
986,Pakistan,2020-04-20,Azad Kashmir,0.0,,PAK.1_1
987,Pakistan,2020-04-21,Azad Kashmir,3.0,,PAK.1_1
988,Pakistan,2020-04-04,Baluchistan,138.0,,PAK.2_1
989,Pakistan,2020-04-06,Baluchistan,3.0,,PAK.2_1
990,Pakistan,2020-04-07,Baluchistan,14.0,,PAK.2_1
991,Pakistan,2020-04-08,Baluchistan,4.0,,PAK.2_1
992,Pakistan,2020-04-09,Baluchistan,2.0,,PAK.2_1
993,Pakistan,2020-04-10,Baluchistan,7.0,,PAK.2_1
994,Pakistan,2020-04-11,Baluchistan,1.0,,PAK.2_1
995,Pakistan,2020-04-12,Baluchistan,8.0,,PAK.2_1
996,Pakistan,2020-04-13,Baluchistan,2.0,,PAK.2_1
997,Pakistan,2020-04-14,Baluchistan,1.0,,PAK.2_1
998,Pakistan,2020-04-15,Baluchistan,9.0,,PAK.2_1
999,Pakistan,2020-04-16,Baluchistan,40.0,,PAK.2_1
1000,Pakistan,2020-04-17,Baluchistan,23.0,,PAK.2_1
1001,Pakistan,2020-04-18,Baluchistan,32.0,,PAK.2_1
1002,Pakistan,2020-04-19,Baluchistan,41.0,,PAK.2_1
1003,Pakistan,2020-04-20,Baluchistan,0.0,,PAK.2_1
1004,Pakistan,2020-04-21,Baluchistan,89.0,,PAK.2_1
1005,Pakistan,2020-04-04,Northern Areas,-255.0,,PAK.6_1
1006,Pakistan,2020-04-06,Northern Areas,0.0,,PAK.6_1
1007,Pakistan,2020-04-07,Northern Areas,2.0,,PAK.6_1
1008,Pakistan,2020-04-08,Northern Areas,0.0,,PAK.6_1
1009,Pakistan,2020-04-09,Northern Areas,1.0,,PAK.6_1
1010,Pakistan,2020-04-10,Northern Areas,2.0,,PAK.6_1
1011,Pakistan,2020-04-11,Northern Areas,0.0,,PAK.6_1
1012,Pakistan,2020-04-12,Northern Areas,9.0,,PAK.6_1
1013,Pakistan,2020-04-13,Northern Areas,0.0,,PAK.6_1
1014,Pakistan,2020-04-14,Northern Areas,9.0,,PAK.6_1
1015,Pakistan,2020-04-15,Northern Areas,1.0,,PAK.6_1
1016,Pakistan,2020-04-16,Northern Areas,3.0,,PAK.6_1
1017,Pakistan,2020-04-17,Northern Areas,8.0,,PAK.6_1
1018,Pakistan,2020-04-18,Northern Areas,5.0,,PAK.6_1
1019,Pakistan,2020-04-19,Northern Areas,7.0,,PAK.6_1
1020,Pakistan,2020-04-20,Northern Areas,0.0,,PAK.6_1
1021,Pakistan,2020-04-21,Northern Areas,24.0,,PAK.6_1
1022,Pakistan,2020-04-04,F.C.T.,-203.0,,PAK.4_1
1023,Pakistan,2020-04-06,F.C.T.,4.0,,PAK.4_1
1024,Pakistan,2020-04-07,F.C.T.,1.0,,PAK.4_1
1025,Pakistan,2020-04-08,F.C.T.,0.0,,PAK.4_1
1026,Pakistan,2020-04-09,F.C.T.,19.0,,PAK.4_1
1027,Pakistan,2020-04-10,F.C.T.,5.0,,PAK.4_1
1028,Pakistan,2020-04-11,F.C.T.,6.0,,PAK.4_1
1029,Pakistan,2020-04-12,F.C.T.,6.0,,PAK.4_1
1030,Pakistan,2020-04-13,F.C.T.,12.0,,PAK.4_1
1031,Pakistan,2020-04-14,F.C.T.,0.0,,PAK.4_1
1032,Pakistan,2020-04-15,F.C.T.,9.0,,PAK.4_1
1033,Pakistan,2020-04-16,F.C.T.,5.0,,PAK.4_1
1034,Pakistan,2020-04-17,F.C.T.,9.0,,PAK.4_1
1035,Pakistan,2020-04-18,F.C.T.,9.0,,PAK.4_1
1036,Pakistan,2020-04-19,F.C.T.,8.0,,PAK.4_1
1037,Pakistan,2020-04-20,F.C.T.,0.0,,PAK.4_1
1038,Pakistan,2020-04-21,F.C.T.,14.0,,PAK.4_1
1039,Pakistan,2020-04-04,N.W.F.P.,187.0,,PAK.5_1
1040,Pakistan,2020-04-06,N.W.F.P.,49.0,,PAK.5_1
1041,Pakistan,2020-04-07,N.W.F.P.,79.0,,PAK.5_1
1042,Pakistan,2020-04-08,N.W.F.P.,27.0,,PAK.5_1
1043,Pakistan,2020-04-09,N.W.F.P.,33.0,,PAK.5_1
1044,Pakistan,2020-04-10,N.W.F.P.,60.0,,PAK.5_1
1045,Pakistan,2020-04-11,N.W.F.P.,77.0,,PAK.5_1
1046,Pakistan,2020-04-12,N.W.F.P.,47.0,,PAK.5_1
1047,Pakistan,2020-04-13,N.W.F.P.,0.0,,PAK.5_1
1048,Pakistan,2020-04-14,N.W.F.P.,56.0,,PAK.5_1
1049,Pakistan,2020-04-15,N.W.F.P.,112.0,,PAK.5_1
1050,Pakistan,2020-04-16,N.W.F.P.,0.0,,PAK.5_1
1051,Pakistan,2020-04-17,N.W.F.P.,81.0,,PAK.5_1
1052,Pakistan,2020-04-18,N.W.F.P.,84.0,,PAK.5_1
1053,Pakistan,2020-04-19,N.W.F.P.,60.0,,PAK.5_1
1054,Pakistan,2020-04-20,N.W.F.P.,0.0,,PAK.5_1
1055,Pakistan,2020-04-21,N.W.F.P.,139.0,,PAK.5_1
1056,Pakistan,2020-04-04,Punjab,-80.0,,PAK.7_1
1057,Pakistan,2020-04-06,Punjab,488.0,,PAK.7_1
1058,Pakistan,2020-04-07,Punjab,320.0,,PAK.7_1
1059,Pakistan,2020-04-08,Punjab,176.0,,PAK.7_1
1060,Pakistan,2020-04-09,Punjab,61.0,,PAK.7_1
1061,Pakistan,2020-04-10,Punjab,46.0,,PAK.7_1
1062,Pakistan,2020-04-11,Punjab,127.0,,PAK.7_1
1063,Pakistan,2020-04-12,Punjab,50.0,,PAK.7_1
1064,Pakistan,2020-04-13,Punjab,208.0,,PAK.7_1
1065,Pakistan,2020-04-14,Punjab,209.0,,PAK.7_1
1066,Pakistan,2020-04-15,Punjab,262.0,,PAK.7_1
1067,Pakistan,2020-04-16,Punjab,148.0,,PAK.7_1
1068,Pakistan,2020-04-17,Punjab,-15.0,,PAK.7_1
1069,Pakistan,2020-04-18,Punjab,134.0,,PAK.7_1
1070,Pakistan,2020-04-19,Punjab,412.0,,PAK.7_1
1071,Pakistan,2020-04-20,Punjab,0.0,,PAK.7_1
1072,Pakistan,2020-04-21,Punjab,433.0,,PAK.7_1
1073,Pakistan,2020-04-04,Sind,-3374.0,,PAK.8_1
1074,Pakistan,2020-04-06,Sind,51.0,,PAK.8_1
1075,Pakistan,2020-04-07,Sind,54.0,,PAK.8_1
1076,Pakistan,2020-04-08,Sind,50.0,,PAK.8_1
1077,Pakistan,2020-04-09,Sind,92.0,,PAK.8_1
1078,Pakistan,2020-04-10,Sind,86.0,,PAK.8_1
1079,Pakistan,2020-04-11,Sind,104.0,,PAK.8_1
1080,Pakistan,2020-04-12,Sind,93.0,,PAK.8_1
1081,Pakistan,2020-04-13,Sind,41.0,,PAK.8_1
1082,Pakistan,2020-04-14,Sind,66.0,,PAK.8_1
1083,Pakistan,2020-04-15,Sind,150.0,,PAK.8_1
1084,Pakistan,2020-04-16,Sind,340.0,,PAK.8_1
1085,Pakistan,2020-04-17,Sind,0.0,,PAK.8_1
1086,Pakistan,2020-04-18,Sind,347.0,,PAK.8_1
1087,Pakistan,2020-04-19,Sind,182.0,,PAK.8_1
1088,Pakistan,2020-04-20,Sind,0.0,,PAK.8_1
1089,Pakistan,2020-04-21,Sind,515.0,,PAK.8_1
1090,Qatar,2020-01-22,,0.0,,
1091,Qatar,2020-01-23,,0.0,,
1092,Qatar,2020-01-24,,0.0,,
1093,Qatar,2020-01-25,,0.0,,
1094,Qatar,2020-01-26,,0.0,,
1095,Qatar,2020-01-27,,0.0,,
1096,Qatar,2020-01-28,,0.0,,
1097,Qatar,2020-01-29,,0.0,,
1098,Qatar,2020-01-30,,0.0,,
1099,Qatar,2020-01-31,,0.0,,
1100,Qatar,2020-02-01,,0.0,,
1101,Qatar,2020-02-02,,0.0,,
1102,Qatar,2020-02-03,,0.0,,
1103,Qatar,2020-02-04,,0.0,,
1104,Qatar,2020-02-05,,0.0,,
1105,Qatar,2020-02-06,,0.0,,
1106,Qatar,2020-02-07,,0.0,,
1107,Qatar,2020-02-08,,0.0,,
1108,Qatar,2020-02-09,,0.0,,
1109,Qatar,2020-02-10,,0.0,,
1110,Qatar,2020-02-11,,0.0,,
1111,Qatar,2020-02-12,,0.0,,
1112,Qatar,2020-02-13,,0.0,,
1113,Qatar,2020-02-14,,0.0,,
1114,Qatar,2020-02-15,,0.0,,
1115,Qatar,2020-02-16,,0.0,,
1116,Qatar,2020-02-17,,0.0,,
1117,Qatar,2020-02-18,,0.0,,
1118,Qatar,2020-02-19,,0.0,,
1119,Qatar,2020-02-20,,0.0,,
1120,Qatar,2020-02-21,,0.0,,
1121,Qatar,2020-02-22,,0.0,,
1122,Qatar,2020-02-23,,0.0,,
1123,Qatar,2020-02-24,,0.0,,
1124,Qatar,2020-02-25,,0.0,,
1125,Qatar,2020-02-26,,0.0,,
1126,Qatar,2020-02-27,,0.0,,
1127,Qatar,2020-02-28,,0.0,,
1128,Qatar,2020-02-29,,1.0,,
1129,Qatar,2020-03-01,,2.0,,
1130,Qatar,2020-03-02,,0.0,,
1131,Qatar,2020-03-03,,4.0,,
1132,Qatar,2020-03-04,,1.0,,
1133,Qatar,2020-03-05,,0.0,,
1134,Qatar,2020-03-06,,0.0,,
1135,Qatar,2020-03-07,,0.0,,
1136,Qatar,2020-03-08,,7.0,,
1137,Qatar,2020-03-09,,3.0,,
1138,Qatar,2020-03-10,,6.0,,
1139,Qatar,2020-03-11,,238.0,,
1140,Qatar,2020-03-12,,0.0,,
1141,Qatar,2020-03-13,,58.0,,
1142,Qatar,2020-03-14,,17.0,,
1143,Qatar,2020-03-15,,64.0,,
1144,Qatar,2020-03-16,,38.0,,
1145,Qatar,2020-03-17,,0.0,,
1146,Qatar,2020-03-18,,13.0,,
1147,Qatar,2020-03-19,,8.0,,
1148,Qatar,2020-03-20,,10.0,,
1149,Qatar,2020-03-21,,11.0,,
1150,Qatar,2020-03-22,,13.0,,
1151,Qatar,2020-03-23,,7.0,,
1152,Qatar,2020-03-24,,25.0,,
1153,Qatar,2020-03-25,,11.0,,
1154,Qatar,2020-03-26,,12.0,,
1155,Qatar,2020-03-27,,13.0,,
1156,Qatar,2020-03-28,,28.0,,
1157,Qatar,2020-03-29,,44.0,,
1158,Qatar,2020-03-30,,59.0,,
1159,Qatar,2020-03-31,,88.0,,
1160,Qatar,2020-04-01,,54.0,,
1161,Qatar,2020-04-02,,114.0,,
1162,Qatar,2020-04-03,,126.0,,
1163,Qatar,2020-04-04,,250.0,,
1164,Qatar,2020-04-05,,279.0,,
1165,Qatar,2020-04-06,,228.0,,
1166,Qatar,2020-04-07,,225.0,,
1167,Qatar,2020-04-08,,153.0,,
