"","state","date","site","dailycases"
"1","India",2020-03-26,"Andaman and Nicobar Islands",1
"2","India",2020-03-27,"Andaman and Nicobar Islands",5
"3","India",2020-03-28,"Andaman and Nicobar Islands",3
"4","India",2020-03-30,"Andaman and Nicobar Islands",1
"5","India",2020-04-08,"Andaman and Nicobar Islands",1
"6","India",2020-04-17,"Andaman and Nicobar Islands",1
"7","India",2020-04-18,"Andaman and Nicobar Islands",2
"8","India",2020-04-19,"Andaman and Nicobar Islands",1
"9","India",2020-04-20,"Andaman and Nicobar Islands",1
"10","India",2020-04-21,"Andaman and Nicobar Islands",1
"11","India",2020-04-22,"Andaman and Nicobar Islands",1
"12","India",2020-04-23,"Andaman and Nicobar Islands",4
"13","India",2020-04-24,"Andaman and Nicobar Islands",7
"14","India",2020-04-25,"Andaman and Nicobar Islands",4
"15","India",2020-03-12,"Andhra Pradesh",1
"16","India",2020-03-19,"Andhra Pradesh",2
"17","India",2020-03-21,"Andhra Pradesh",2
"18","India",2020-03-22,"Andhra Pradesh",1
"19","India",2020-03-23,"Andhra Pradesh",1
"20","India",2020-03-24,"Andhra Pradesh",1
"21","India",2020-03-25,"Andhra Pradesh",2
"22","India",2020-03-26,"Andhra Pradesh",1
"23","India",2020-03-27,"Andhra Pradesh",2
"24","India",2020-03-28,"Andhra Pradesh",6
"25","India",2020-03-29,"Andhra Pradesh",2
"26","India",2020-03-30,"Andhra Pradesh",2
"27","India",2020-03-31,"Andhra Pradesh",21
"28","India",2020-04-01,"Andhra Pradesh",67
"29","India",2020-04-02,"Andhra Pradesh",38
"30","India",2020-04-03,"Andhra Pradesh",15
"31","India",2020-04-04,"Andhra Pradesh",28
"32","India",2020-04-05,"Andhra Pradesh",64
"33","India",2020-04-06,"Andhra Pradesh",47
"34","India",2020-04-07,"Andhra Pradesh",11
"35","India",2020-04-08,"Andhra Pradesh",34
"36","India",2020-04-09,"Andhra Pradesh",15
"37","India",2020-04-10,"Andhra Pradesh",18
"38","India",2020-04-11,"Andhra Pradesh",24
"39","India",2020-04-12,"Andhra Pradesh",15
"40","India",2020-04-13,"Andhra Pradesh",19
"41","India",2020-04-14,"Andhra Pradesh",45
"42","India",2020-04-15,"Andhra Pradesh",41
"43","India",2020-04-16,"Andhra Pradesh",9
"44","India",2020-04-17,"Andhra Pradesh",38
"45","India",2020-04-18,"Andhra Pradesh",31
"46","India",2020-04-19,"Andhra Pradesh",44
"47","India",2020-04-20,"Andhra Pradesh",75
"48","India",2020-04-21,"Andhra Pradesh",35
"49","India",2020-04-22,"Andhra Pradesh",56
"50","India",2020-04-23,"Andhra Pradesh",80
"51","India",2020-04-24,"Andhra Pradesh",62
"52","India",2020-04-25,"Andhra Pradesh",61
"53","India",2020-04-26,"Andhra Pradesh",81
"54","India",2020-04-02,"Arunachal Pradesh",1
"55","India",2020-03-31,"Assam",1
"56","India",2020-04-01,"Assam",15
"57","India",2020-04-03,"Assam",7
"58","India",2020-04-04,"Assam",3
"59","India",2020-04-07,"Assam",2
"60","India",2020-04-09,"Assam",1
"61","India",2020-04-12,"Assam",1
"62","India",2020-04-13,"Assam",2
"63","India",2020-04-14,"Assam",1
"64","India",2020-04-16,"Assam",2
"65","India",2020-04-23,"Assam",1
"66","India",2020-03-22,"Bihar",2
"67","India",2020-03-23,"Bihar",1
"68","India",2020-03-25,"Bihar",1
"69","India",2020-03-26,"Bihar",3
"70","India",2020-03-27,"Bihar",2
"71","India",2020-03-28,"Bihar",2
"72","India",2020-03-29,"Bihar",4
"73","India",2020-03-31,"Bihar",6
"74","India",2020-04-01,"Bihar",3
"75","India",2020-04-02,"Bihar",5
"76","India",2020-04-03,"Bihar",2
"77","India",2020-04-04,"Bihar",1
"78","India",2020-04-07,"Bihar",6
"79","India",2020-04-08,"Bihar",1
"80","India",2020-04-09,"Bihar",19
"81","India",2020-04-10,"Bihar",2
"82","India",2020-04-11,"Bihar",4
"83","India",2020-04-13,"Bihar",2
"84","India",2020-04-15,"Bihar",6
"85","India",2020-04-16,"Bihar",11
"86","India",2020-04-17,"Bihar",2
"87","India",2020-04-18,"Bihar",1
"88","India",2020-04-19,"Bihar",10
"89","India",2020-04-20,"Bihar",17
"90","India",2020-04-21,"Bihar",13
"91","India",2020-04-22,"Bihar",17
"92","India",2020-04-23,"Bihar",27
"93","India",2020-04-24,"Bihar",53
"94","India",2020-04-25,"Bihar",28
"95","India",2020-04-26,"Bihar",26
"96","India",2020-03-19,"Chandigarh",1
"97","India",2020-03-20,"Chandigarh",4
"98","India",2020-03-22,"Chandigarh",1
"99","India",2020-03-23,"Chandigarh",1
"100","India",2020-03-27,"Chandigarh",1
"101","India",2020-03-30,"Chandigarh",5
"102","India",2020-03-31,"Chandigarh",2
"103","India",2020-04-01,"Chandigarh",2
"104","India",2020-04-02,"Chandigarh",1
"105","India",2020-04-10,"Chandigarh",1
"106","India",2020-04-12,"Chandigarh",2
"107","India",2020-04-18,"Chandigarh",2
"108","India",2020-04-19,"Chandigarh",3
"109","India",2020-04-21,"Chandigarh",1
"110","India",2020-04-25,"Chandigarh",1
"111","India",2020-04-26,"Chandigarh",8
"112","India",2020-03-19,"Chhattisgarh",1
"113","India",2020-03-25,"Chhattisgarh",2
"114","India",2020-03-26,"Chhattisgarh",3
"115","India",2020-03-28,"Chhattisgarh",1
"116","India",2020-03-30,"Chhattisgarh",1
"117","India",2020-03-31,"Chhattisgarh",1
"118","India",2020-04-04,"Chhattisgarh",1
"119","India",2020-04-09,"Chhattisgarh",8
"120","India",2020-04-11,"Chhattisgarh",7
"121","India",2020-04-12,"Chhattisgarh",6
"122","India",2020-04-14,"Chhattisgarh",2
"123","India",2020-04-16,"Chhattisgarh",3
"124","India",2020-04-25,"Chhattisgarh",1
"125","India",2020-03-02,"Delhi",1
"126","India",2020-03-05,"Delhi",1
"127","India",2020-03-06,"Delhi",1
"128","India",2020-03-09,"Delhi",1
"129","India",2020-03-11,"Delhi",1
"130","India",2020-03-12,"Delhi",1
"131","India",2020-03-13,"Delhi",1
"132","India",2020-03-17,"Delhi",3
"133","India",2020-03-18,"Delhi",1
"134","India",2020-03-19,"Delhi",3
"135","India",2020-03-20,"Delhi",6
"136","India",2020-03-21,"Delhi",7
"137","India",2020-03-22,"Delhi",1
"138","India",2020-03-23,"Delhi",2
"139","India",2020-03-25,"Delhi",5
"140","India",2020-03-26,"Delhi",4
"141","India",2020-03-27,"Delhi",1
"142","India",2020-03-28,"Delhi",9
"143","India",2020-03-29,"Delhi",23
"144","India",2020-03-30,"Delhi",25
"145","India",2020-03-31,"Delhi",23
"146","India",2020-04-01,"Delhi",32
"147","India",2020-04-02,"Delhi",141
"148","India",2020-04-03,"Delhi",93
"149","India",2020-04-04,"Delhi",59
"150","India",2020-04-05,"Delhi",58
"151","India",2020-04-06,"Delhi",22
"152","India",2020-04-07,"Delhi",51
"153","India",2020-04-08,"Delhi",93
"154","India",2020-04-09,"Delhi",51
"155","India",2020-04-10,"Delhi",183
"156","India",2020-04-11,"Delhi",166
"157","India",2020-04-12,"Delhi",85
"158","India",2020-04-13,"Delhi",356
"159","India",2020-04-14,"Delhi",51
"160","India",2020-04-15,"Delhi",17
"161","India",2020-04-16,"Delhi",62
"162","India",2020-04-17,"Delhi",67
"163","India",2020-04-18,"Delhi",186
"164","India",2020-04-19,"Delhi",110
"165","India",2020-04-20,"Delhi",78
"166","India",2020-04-21,"Delhi",75
"167","India",2020-04-22,"Delhi",92
"168","India",2020-04-23,"Delhi",128
"169","India",2020-04-24,"Delhi",138
"170","India",2020-04-25,"Delhi",111
"171","India",2020-04-26,"Delhi",293
"172","India",2020-03-25,"Goa",3
"173","India",2020-03-29,"Goa",2
"174","India",2020-04-03,"Goa",1
"175","India",2020-04-04,"Goa",1
"176","India",2020-03-19,"Gujarat",2
"177","India",2020-03-20,"Gujarat",5
"178","India",2020-03-21,"Gujarat",7
"179","India",2020-03-22,"Gujarat",4
"180","India",2020-03-23,"Gujarat",12
"181","India",2020-03-24,"Gujarat",6
"182","India",2020-03-25,"Gujarat",2
"183","India",2020-03-26,"Gujarat",6
"184","India",2020-03-27,"Gujarat",3
"185","India",2020-03-28,"Gujarat",8
"186","India",2020-03-29,"Gujarat",8
"187","India",2020-03-30,"Gujarat",7
"188","India",2020-03-31,"Gujarat",4
"189","India",2020-04-01,"Gujarat",13
"190","India",2020-04-02,"Gujarat",1
"191","India",2020-04-03,"Gujarat",7
"192","India",2020-04-04,"Gujarat",13
"193","India",2020-04-05,"Gujarat",20
"194","India",2020-04-06,"Gujarat",18
"195","India",2020-04-07,"Gujarat",29
"196","India",2020-04-08,"Gujarat",11
"197","India",2020-04-09,"Gujarat",76
"198","India",2020-04-10,"Gujarat",116
"199","India",2020-04-11,"Gujarat",90
"200","India",2020-04-12,"Gujarat",48
"201","India",2020-04-13,"Gujarat",56
"202","India",2020-04-14,"Gujarat",78
"203","India",2020-04-15,"Gujarat",116
"204","India",2020-04-16,"Gujarat",163
"205","India",2020-04-17,"Gujarat",170
"206","India",2020-04-18,"Gujarat",277
"207","India",2020-04-19,"Gujarat",367
"208","India",2020-04-20,"Gujarat",196
"209","India",2020-04-21,"Gujarat",239
"210","India",2020-04-22,"Gujarat",229
"211","India",2020-04-23,"Gujarat",217
"212","India",2020-04-24,"Gujarat",191
"213","India",2020-04-25,"Gujarat",256
"214","India",2020-04-26,"Gujarat",230
"215","India",2020-03-04,"Haryana",14
"216","India",2020-03-17,"Haryana",1
"217","India",2020-03-18,"Haryana",2
"218","India",2020-03-20,"Haryana",2
"219","India",2020-03-21,"Haryana",2
"220","India",2020-03-23,"Haryana",7
"221","India",2020-03-24,"Haryana",2
"222","India",2020-03-25,"Haryana",1
"223","India",2020-03-26,"Haryana",1
"224","India",2020-03-27,"Haryana",1
"225","India",2020-03-28,"Haryana",2
"226","India",2020-03-30,"Haryana",1
"227","India",2020-03-31,"Haryana",7
"228","India",2020-04-02,"Haryana",6
"229","India",2020-04-03,"Haryana",9
"230","India",2020-04-04,"Haryana",26
"231","India",2020-04-05,"Haryana",6
"232","India",2020-04-06,"Haryana",20
"233","India",2020-04-07,"Haryana",33
"234","India",2020-04-08,"Haryana",24
"235","India",2020-04-09,"Haryana",3
"236","India",2020-04-10,"Haryana",6
"237","India",2020-04-11,"Haryana",3
"238","India",2020-04-12,"Haryana",16
"239","India",2020-04-13,"Haryana",1
"240","India",2020-04-14,"Haryana",2
"241","India",2020-04-15,"Haryana",6
"242","India",2020-04-16,"Haryana",11
"243","India",2020-04-17,"Haryana",8
"244","India",2020-04-18,"Haryana",9
"245","India",2020-04-19,"Haryana",18
"246","India",2020-04-20,"Haryana",1
"247","India",2020-04-21,"Haryana",4
"248","India",2020-04-22,"Haryana",9
"249","India",2020-04-23,"Haryana",6
"250","India",2020-04-24,"Haryana",5
"251","India",2020-04-25,"Haryana",12
"252","India",2020-04-26,"Haryana",9
"253","India",2020-03-20,"Himachal Pradesh",2
"254","India",2020-03-23,"Himachal Pradesh",1
"255","India",2020-04-02,"Himachal Pradesh",3
"256","India",2020-04-04,"Himachal Pradesh",7
"257","India",2020-04-05,"Himachal Pradesh",1
"258","India",2020-04-06,"Himachal Pradesh",4
"259","India",2020-04-07,"Himachal Pradesh",9
"260","India",2020-04-09,"Himachal Pradesh",1
"261","India",2020-04-11,"Himachal Pradesh",4
"262","India",2020-04-14,"Himachal Pradesh",1
"263","India",2020-04-15,"Himachal Pradesh",2
"264","India",2020-04-17,"Himachal Pradesh",3
"265","India",2020-04-18,"Himachal Pradesh",1
"266","India",2020-04-23,"Himachal Pradesh",1
"267","India",2020-03-09,"Jammu and Kashmir",1
"268","India",2020-03-13,"Jammu and Kashmir",1
"269","India",2020-03-16,"Jammu and Kashmir",1
"270","India",2020-03-18,"Jammu and Kashmir",1
"271","India",2020-03-24,"Jammu and Kashmir",2
"272","India",2020-03-25,"Jammu and Kashmir",5
"273","India",2020-03-26,"Jammu and Kashmir",3
"274","India",2020-03-27,"Jammu and Kashmir",6
"275","India",2020-03-28,"Jammu and Kashmir",13
"276","India",2020-03-29,"Jammu and Kashmir",5
"277","India",2020-03-30,"Jammu and Kashmir",11
"278","India",2020-03-31,"Jammu and Kashmir",6
"279","India",2020-04-01,"Jammu and Kashmir",7
"280","India",2020-04-02,"Jammu and Kashmir",8
"281","India",2020-04-03,"Jammu and Kashmir",5
"282","India",2020-04-04,"Jammu and Kashmir",17
"283","India",2020-04-05,"Jammu and Kashmir",14
"284","India",2020-04-06,"Jammu and Kashmir",3
"285","India",2020-04-07,"Jammu and Kashmir",16
"286","India",2020-04-08,"Jammu and Kashmir",33
"287","India",2020-04-09,"Jammu and Kashmir",26
"288","India",2020-04-10,"Jammu and Kashmir",23
"289","India",2020-04-11,"Jammu and Kashmir",17
"290","India",2020-04-12,"Jammu and Kashmir",21
"291","India",2020-04-13,"Jammu and Kashmir",25
"292","India",2020-04-14,"Jammu and Kashmir",8
"293","India",2020-04-15,"Jammu and Kashmir",22
"294","India",2020-04-16,"Jammu and Kashmir",14
"295","India",2020-04-17,"Jammu and Kashmir",14
"296","India",2020-04-18,"Jammu and Kashmir",13
"297","India",2020-04-19,"Jammu and Kashmir",13
"298","India",2020-04-20,"Jammu and Kashmir",14
"299","India",2020-04-21,"Jammu and Kashmir",12
"300","India",2020-04-22,"Jammu and Kashmir",27
"301","India",2020-04-23,"Jammu and Kashmir",27
"302","India",2020-04-24,"Jammu and Kashmir",20
"303","India",2020-04-25,"Jammu and Kashmir",40
"304","India",2020-04-26,"Jammu and Kashmir",29
"305","India",2020-03-31,"Jharkhand",1
"306","India",2020-04-02,"Jharkhand",1
"307","India",2020-04-05,"Jharkhand",1
"308","India",2020-04-06,"Jharkhand",1
"309","India",2020-04-09,"Jharkhand",9
"310","India",2020-04-10,"Jharkhand",1
"311","India",2020-04-11,"Jharkhand",3
"312","India",2020-04-12,"Jharkhand",2
"313","India",2020-04-13,"Jharkhand",5
"314","India",2020-04-14,"Jharkhand",3
"315","India",2020-04-15,"Jharkhand",1
"316","India",2020-04-16,"Jharkhand",1
"317","India",2020-04-17,"Jharkhand",3
"318","India",2020-04-18,"Jharkhand",1
"319","India",2020-04-19,"Jharkhand",8
"320","India",2020-04-20,"Jharkhand",5
"321","India",2020-04-23,"Jharkhand",7
"322","India",2020-04-24,"Jharkhand",6
"323","India",2020-04-25,"Jharkhand",8
"324","India",2020-04-26,"Jharkhand",15
"325","India",2020-03-09,"Karnataka",1
"326","India",2020-03-10,"Karnataka",3
"327","India",2020-03-12,"Karnataka",1
"328","India",2020-03-13,"Karnataka",1
"329","India",2020-03-16,"Karnataka",1
"330","India",2020-03-17,"Karnataka",4
"331","India",2020-03-18,"Karnataka",3
"332","India",2020-03-19,"Karnataka",1
"333","India",2020-03-21,"Karnataka",5
"334","India",2020-03-22,"Karnataka",6
"335","India",2020-03-23,"Karnataka",7
"336","India",2020-03-24,"Karnataka",8
"337","India",2020-03-25,"Karnataka",10
"338","India",2020-03-26,"Karnataka",4
"339","India",2020-03-27,"Karnataka",9
"340","India",2020-03-28,"Karnataka",12
"341","India",2020-03-29,"Karnataka",7
"342","India",2020-03-30,"Karnataka",5
"343","India",2020-03-31,"Karnataka",13
"344","India",2020-04-01,"Karnataka",9
"345","India",2020-04-02,"Karnataka",14
"346","India",2020-04-03,"Karnataka",4
"347","India",2020-04-04,"Karnataka",16
"348","India",2020-04-05,"Karnataka",7
"349","India",2020-04-06,"Karnataka",12
"350","India",2020-04-07,"Karnataka",12
"351","India",2020-04-08,"Karnataka",6
"352","India",2020-04-09,"Karnataka",16
"353","India",2020-04-10,"Karnataka",10
"354","India",2020-04-11,"Karnataka",8
"355","India",2020-04-12,"Karnataka",17
"356","India",2020-04-13,"Karnataka",15
"357","India",2020-04-14,"Karnataka",13
"358","India",2020-04-15,"Karnataka",19
"359","India",2020-04-16,"Karnataka",36
"360","India",2020-04-17,"Karnataka",44
"361","India",2020-04-18,"Karnataka",25
"362","India",2020-04-19,"Karnataka",6
"363","India",2020-04-20,"Karnataka",18
"364","India",2020-04-21,"Karnataka",10
"365","India",2020-04-22,"Karnataka",9
"366","India",2020-04-23,"Karnataka",18
"367","India",2020-04-24,"Karnataka",29
"368","India",2020-04-25,"Karnataka",26
"369","India",2020-04-26,"Karnataka",3
"370","India",2020-01-30,"Kerala",1
"371","India",2020-02-02,"Kerala",1
"372","India",2020-02-03,"Kerala",1
"373","India",2020-03-08,"Kerala",5
"374","India",2020-03-09,"Kerala",1
"375","India",2020-03-10,"Kerala",8
"376","India",2020-03-12,"Kerala",2
"377","India",2020-03-13,"Kerala",3
"378","India",2020-03-15,"Kerala",2
"379","India",2020-03-16,"Kerala",3
"380","India",2020-03-19,"Kerala",1
"381","India",2020-03-20,"Kerala",12
"382","India",2020-03-21,"Kerala",12
"383","India",2020-03-22,"Kerala",15
"384","India",2020-03-23,"Kerala",28
"385","India",2020-03-24,"Kerala",14
"386","India",2020-03-25,"Kerala",9
"387","India",2020-03-26,"Kerala",19
"388","India",2020-03-27,"Kerala",39
"389","India",2020-03-28,"Kerala",6
"390","India",2020-03-29,"Kerala",20
"391","India",2020-03-30,"Kerala",32
"392","India",2020-03-31,"Kerala",7
"393","India",2020-04-01,"Kerala",24
"394","India",2020-04-02,"Kerala",21
"395","India",2020-04-03,"Kerala",9
"396","India",2020-04-04,"Kerala",11
"397","India",2020-04-05,"Kerala",8
"398","India",2020-04-06,"Kerala",13
"399","India",2020-04-07,"Kerala",9
"400","India",2020-04-08,"Kerala",9
"401","India",2020-04-09,"Kerala",12
"402","India",2020-04-10,"Kerala",7
"403","India",2020-04-11,"Kerala",10
"404","India",2020-04-12,"Kerala",2
"405","India",2020-04-13,"Kerala",3
"406","India",2020-04-14,"Kerala",8
"407","India",2020-04-15,"Kerala",1
"408","India",2020-04-16,"Kerala",7
"409","India",2020-04-17,"Kerala",1
"410","India",2020-04-18,"Kerala",4
"411","India",2020-04-19,"Kerala",2
"412","India",2020-04-20,"Kerala",6
"413","India",2020-04-21,"Kerala",19
"414","India",2020-04-22,"Kerala",11
"415","India",2020-04-23,"Kerala",10
"416","India",2020-04-24,"Kerala",3
"417","India",2020-04-25,"Kerala",7
"418","India",2020-04-26,"Kerala",11
"419","India",2020-03-07,"Ladakh",2
"420","India",2020-03-11,"Ladakh",1
"421","India",2020-03-17,"Ladakh",5
"422","India",2020-03-20,"Ladakh",2
"423","India",2020-03-21,"Ladakh",3
"424","India",2020-04-03,"Ladakh",1
"425","India",2020-04-10,"Ladakh",1
"426","India",2020-04-13,"Ladakh",2
"427","India",2020-04-15,"Ladakh",1
"428","India",2020-04-25,"Ladakh",2
"429","India",2020-03-20,"Madhya Pradesh",4
"430","India",2020-03-22,"Madhya Pradesh",2
"431","India",2020-03-24,"Madhya Pradesh",1
"432","India",2020-03-25,"Madhya Pradesh",8
"433","India",2020-03-26,"Madhya Pradesh",5
"434","India",2020-03-27,"Madhya Pradesh",9
"435","India",2020-03-28,"Madhya Pradesh",10
"436","India",2020-03-30,"Madhya Pradesh",8
"437","India",2020-03-31,"Madhya Pradesh",19
"438","India",2020-04-01,"Madhya Pradesh",32
"439","India",2020-04-02,"Madhya Pradesh",9
"440","India",2020-04-03,"Madhya Pradesh",47
"441","India",2020-04-04,"Madhya Pradesh",25
"442","India",2020-04-05,"Madhya Pradesh",14
"443","India",2020-04-06,"Madhya Pradesh",63
"444","India",2020-04-07,"Madhya Pradesh",34
"445","India",2020-04-08,"Madhya Pradesh",51
"446","India",2020-04-09,"Madhya Pradesh",70
"447","India",2020-04-10,"Madhya Pradesh",40
"448","India",2020-04-11,"Madhya Pradesh",78
"449","India",2020-04-12,"Madhya Pradesh",33
"450","India",2020-04-13,"Madhya Pradesh",52
"451","India",2020-04-14,"Madhya Pradesh",127
"452","India",2020-04-15,"Madhya Pradesh",197
"453","India",2020-04-16,"Madhya Pradesh",226
"454","India",2020-04-17,"Madhya Pradesh",146
"455","India",2020-04-18,"Madhya Pradesh",92
"456","India",2020-04-19,"Madhya Pradesh",5
"457","India",2020-04-20,"Madhya Pradesh",78
"458","India",2020-04-21,"Madhya Pradesh",67
"459","India",2020-04-22,"Madhya Pradesh",35
"460","India",2020-04-23,"Madhya Pradesh",100
"461","India",2020-04-24,"Madhya Pradesh",159
"462","India",2020-04-25,"Madhya Pradesh",99
"463","India",2020-04-26,"Madhya Pradesh",145
"464","India",2020-03-09,"Maharashtra",2
"465","India",2020-03-10,"Maharashtra",3
"466","India",2020-03-11,"Maharashtra",6
"467","India",2020-03-12,"Maharashtra",3
"468","India",2020-03-13,"Maharashtra",3
"469","India",2020-03-14,"Maharashtra",9
"470","India",2020-03-15,"Maharashtra",6
"471","India",2020-03-16,"Maharashtra",7
"472","India",2020-03-17,"Maharashtra",2
"473","India",2020-03-18,"Maharashtra",4
"474","India",2020-03-19,"Maharashtra",3
"475","India",2020-03-20,"Maharashtra",4
"476","India",2020-03-21,"Maharashtra",12
"477","India",2020-03-22,"Maharashtra",10
"478","India",2020-03-23,"Maharashtra",15
"479","India",2020-03-24,"Maharashtra",18
"480","India",2020-03-25,"Maharashtra",15
"481","India",2020-03-26,"Maharashtra",3
"482","India",2020-03-27,"Maharashtra",28
"483","India",2020-03-28,"Maharashtra",28
"484","India",2020-03-29,"Maharashtra",22
"485","India",2020-03-30,"Maharashtra",17
"486","India",2020-03-31,"Maharashtra",82
"487","India",2020-04-01,"Maharashtra",33
"488","India",2020-04-02,"Maharashtra",88
"489","India",2020-04-03,"Maharashtra",64
"490","India",2020-04-04,"Maharashtra",148
"491","India",2020-04-05,"Maharashtra",112
"492","India",2020-04-06,"Maharashtra",121
"493","India",2020-04-07,"Maharashtra",150
"494","India",2020-04-08,"Maharashtra",117
"495","India",2020-04-09,"Maharashtra",229
"496","India",2020-04-10,"Maharashtra",210
"497","India",2020-04-11,"Maharashtra",187
"498","India",2020-04-12,"Maharashtra",221
"499","India",2020-04-13,"Maharashtra",352
"500","India",2020-04-14,"Maharashtra",346
"501","India",2020-04-15,"Maharashtra",236
"502","India",2020-04-16,"Maharashtra",285
"503","India",2020-04-17,"Maharashtra",120
"504","India",2020-04-18,"Maharashtra",327
"505","India",2020-04-19,"Maharashtra",552
"506","India",2020-04-20,"Maharashtra",466
"507","India",2020-04-21,"Maharashtra",552
"508","India",2020-04-22,"Maharashtra",431
"509","India",2020-04-23,"Maharashtra",778
"510","India",2020-04-24,"Maharashtra",390
"511","India",2020-04-25,"Maharashtra",811
"512","India",2020-04-26,"Maharashtra",440
"513","India",2020-03-24,"Manipur",1
"514","India",2020-04-02,"Manipur",1
"515","India",2020-04-13,"Meghalaya",1
"516","India",2020-04-15,"Meghalaya",6
"517","India",2020-04-16,"Meghalaya",2
"518","India",2020-04-18,"Meghalaya",2
"519","India",2020-04-21,"Meghalaya",1
"520","India",2020-03-25,"Mizoram",1
"521","India",2020-03-16,"Odisha",1
"522","India",2020-03-19,"Odisha",1
"523","India",2020-03-26,"Odisha",1
"524","India",2020-03-31,"Odisha",1
"525","India",2020-04-01,"Odisha",1
"526","India",2020-04-03,"Odisha",15
"527","India",2020-04-04,"Odisha",1
"528","India",2020-04-05,"Odisha",18
"529","India",2020-04-06,"Odisha",1
"530","India",2020-04-07,"Odisha",2
"531","India",2020-04-09,"Odisha",6
"532","India",2020-04-10,"Odisha",2
"533","India",2020-04-11,"Odisha",4
"534","India",2020-04-13,"Odisha",1
"535","India",2020-04-14,"Odisha",5
"536","India",2020-04-18,"Odisha",1
"537","India",2020-04-20,"Odisha",13
"538","India",2020-04-21,"Odisha",5
"539","India",2020-04-22,"Odisha",4
"540","India",2020-04-23,"Odisha",6
"541","India",2020-04-24,"Odisha",5
"542","India",2020-04-25,"Odisha",6
"543","India",2020-04-26,"Odisha",3
"544","India",2020-03-17,"Puducherry",1
"545","India",2020-04-01,"Puducherry",2
"546","India",2020-04-02,"Puducherry",2
"547","India",2020-04-10,"Puducherry",2
"548","India",2020-04-25,"Puducherry",1
"549","India",2020-03-09,"Punjab",1
"550","India",2020-03-19,"Punjab",1
"551","India",2020-03-20,"Punjab",1
"552","India",2020-03-21,"Punjab",10
"553","India",2020-03-22,"Punjab",8
"554","India",2020-03-23,"Punjab",2
"555","India",2020-03-24,"Punjab",6
"556","India",2020-03-25,"Punjab",2
"557","India",2020-03-26,"Punjab",2
"558","India",2020-03-27,"Punjab",5
"559","India",2020-03-30,"Punjab",3
"560","India",2020-03-31,"Punjab",1
"561","India",2020-04-01,"Punjab",4
"562","India",2020-04-02,"Punjab",1
"563","India",2020-04-03,"Punjab",6
"564","India",2020-04-04,"Punjab",12
"565","India",2020-04-05,"Punjab",3
"566","India",2020-04-06,"Punjab",11
"567","India",2020-04-07,"Punjab",20
"568","India",2020-04-08,"Punjab",7
"569","India",2020-04-09,"Punjab",24
"570","India",2020-04-10,"Punjab",21
"571","India",2020-04-11,"Punjab",7
"572","India",2020-04-12,"Punjab",12
"573","India",2020-04-13,"Punjab",6
"574","India",2020-04-14,"Punjab",8
"575","India",2020-04-15,"Punjab",2
"576","India",2020-04-16,"Punjab",11
"577","India",2020-04-17,"Punjab",14
"578","India",2020-04-18,"Punjab",23
"579","India",2020-04-19,"Punjab",10
"580","India",2020-04-20,"Punjab",1
"581","India",2020-04-21,"Punjab",6
"582","India",2020-04-22,"Punjab",27
"583","India",2020-04-23,"Punjab",5
"584","India",2020-04-24,"Punjab",15
"585","India",2020-04-25,"Punjab",10
"586","India",2020-04-26,"Punjab",14
"587","India",2020-03-03,"Rajasthan",1
"588","India",2020-03-04,"Rajasthan",1
"589","India",2020-03-10,"Rajasthan",1
"590","India",2020-03-14,"Rajasthan",1
"591","India",2020-03-18,"Rajasthan",3
"592","India",2020-03-19,"Rajasthan",2
"593","India",2020-03-20,"Rajasthan",8
"594","India",2020-03-21,"Rajasthan",7
"595","India",2020-03-22,"Rajasthan",5
"596","India",2020-03-23,"Rajasthan",3
"597","India",2020-03-25,"Rajasthan",6
"598","India",2020-03-26,"Rajasthan",5
"599","India",2020-03-27,"Rajasthan",7
"600","India",2020-03-28,"Rajasthan",4
"601","India",2020-03-29,"Rajasthan",5
"602","India",2020-03-30,"Rajasthan",20
"603","India",2020-03-31,"Rajasthan",14
"604","India",2020-04-01,"Rajasthan",27
"605","India",2020-04-02,"Rajasthan",13
"606","India",2020-04-03,"Rajasthan",46
"607","India",2020-04-04,"Rajasthan",27
"608","India",2020-04-05,"Rajasthan",60
"609","India",2020-04-06,"Rajasthan",35
"610","India",2020-04-07,"Rajasthan",42
"611","India",2020-04-08,"Rajasthan",40
"612","India",2020-04-09,"Rajasthan",80
"613","India",2020-04-10,"Rajasthan",98
"614","India",2020-04-11,"Rajasthan",139
"615","India",2020-04-12,"Rajasthan",104
"616","India",2020-04-13,"Rajasthan",93
"617","India",2020-04-14,"Rajasthan",108
"618","India",2020-04-15,"Rajasthan",71
"619","India",2020-04-16,"Rajasthan",55
"620","India",2020-04-17,"Rajasthan",98
"621","India",2020-04-18,"Rajasthan",122
"622","India",2020-04-19,"Rajasthan",127
"623","India",2020-04-20,"Rajasthan",98
"624","India",2020-04-21,"Rajasthan",159
"625","India",2020-04-22,"Rajasthan",153
"626","India",2020-04-23,"Rajasthan",76
"627","India",2020-04-24,"Rajasthan",70
"628","India",2020-04-25,"Rajasthan",49
"629","India",2020-04-26,"Rajasthan",102
"630","India",2020-03-07,"Tamil Nadu",1
"631","India",2020-03-18,"Tamil Nadu",1
"632","India",2020-03-19,"Tamil Nadu",1
"633","India",2020-03-21,"Tamil Nadu",3
"634","India",2020-03-22,"Tamil Nadu",3
"635","India",2020-03-23,"Tamil Nadu",3
"636","India",2020-03-24,"Tamil Nadu",6
"637","India",2020-03-25,"Tamil Nadu",8
"638","India",2020-03-26,"Tamil Nadu",3
"639","India",2020-03-27,"Tamil Nadu",9
"640","India",2020-03-28,"Tamil Nadu",4
"641","India",2020-03-29,"Tamil Nadu",8
"642","India",2020-03-30,"Tamil Nadu",17
"643","India",2020-03-31,"Tamil Nadu",57
"644","India",2020-04-01,"Tamil Nadu",110
"645","India",2020-04-02,"Tamil Nadu",75
"646","India",2020-04-03,"Tamil Nadu",102
"647","India",2020-04-04,"Tamil Nadu",74
"648","India",2020-04-05,"Tamil Nadu",86
"649","India",2020-04-06,"Tamil Nadu",50
"650","India",2020-04-07,"Tamil Nadu",69
"651","India",2020-04-08,"Tamil Nadu",48
"652","India",2020-04-09,"Tamil Nadu",96
"653","India",2020-04-10,"Tamil Nadu",77
"654","India",2020-04-11,"Tamil Nadu",58
"655","India",2020-04-12,"Tamil Nadu",106
"656","India",2020-04-13,"Tamil Nadu",98
"657","India",2020-04-14,"Tamil Nadu",31
"658","India",2020-04-15,"Tamil Nadu",38
"659","India",2020-04-16,"Tamil Nadu",25
"660","India",2020-04-17,"Tamil Nadu",56
"661","India",2020-04-18,"Tamil Nadu",49
"662","India",2020-04-19,"Tamil Nadu",105
"663","India",2020-04-20,"Tamil Nadu",43
"664","India",2020-04-21,"Tamil Nadu",76
"665","India",2020-04-22,"Tamil Nadu",33
"666","India",2020-04-23,"Tamil Nadu",54
"667","India",2020-04-24,"Tamil Nadu",72
"668","India",2020-04-25,"Tamil Nadu",66
"669","India",2020-04-26,"Tamil Nadu",64
"670","India",2020-03-02,"Telangana",1
"671","India",2020-03-14,"Telangana",1
"672","India",2020-03-15,"Telangana",1
"673","India",2020-03-16,"Telangana",1
"674","India",2020-03-17,"Telangana",1
"675","India",2020-03-18,"Telangana",8
"676","India",2020-03-19,"Telangana",3
"677","India",2020-03-20,"Telangana",3
"678","India",2020-03-21,"Telangana",2
"679","India",2020-03-22,"Telangana",6
"680","India",2020-03-23,"Telangana",6
"681","India",2020-03-24,"Telangana",6
"682","India",2020-03-25,"Telangana",2
"683","India",2020-03-26,"Telangana",4
"684","India",2020-03-27,"Telangana",14
"685","India",2020-03-28,"Telangana",8
"686","India",2020-03-29,"Telangana",3
"687","India",2020-03-30,"Telangana",7
"688","India",2020-03-31,"Telangana",20
"689","India",2020-04-01,"Telangana",30
"690","India",2020-04-02,"Telangana",27
"691","India",2020-04-03,"Telangana",75
"692","India",2020-04-04,"Telangana",43
"693","India",2020-04-05,"Telangana",62
"694","India",2020-04-06,"Telangana",30
"695","India",2020-04-07,"Telangana",40
"696","India",2020-04-08,"Telangana",49
"697","India",2020-04-09,"Telangana",18
"698","India",2020-04-10,"Telangana",16
"699","India",2020-04-11,"Telangana",16
"700","India",2020-04-12,"Telangana",28
"701","India",2020-04-13,"Telangana",61
"702","India",2020-04-14,"Telangana",52
"703","India",2020-04-15,"Telangana",6
"704","India",2020-04-16,"Telangana",50
"705","India",2020-04-17,"Telangana",66
"706","India",2020-04-18,"Telangana",43
"707","India",2020-04-19,"Telangana",49
"708","India",2020-04-20,"Telangana",14
"709","India",2020-04-21,"Telangana",56
"710","India",2020-04-22,"Telangana",15
"711","India",2020-04-23,"Telangana",27
"712","India",2020-04-24,"Telangana",13
"713","India",2020-04-25,"Telangana",7
"714","India",2020-04-26,"Telangana",11
"715","India",2020-04-06,"Tripura",1
"716","India",2020-04-10,"Tripura",1
"717","India",2020-03-04,"Uttar Pradesh",7
"718","India",2020-03-05,"Uttar Pradesh",1
"719","India",2020-03-09,"Uttar Pradesh",2
"720","India",2020-03-12,"Uttar Pradesh",2
"721","India",2020-03-13,"Uttar Pradesh",1
"722","India",2020-03-17,"Uttar Pradesh",2
"723","India",2020-03-18,"Uttar Pradesh",2
"724","India",2020-03-19,"Uttar Pradesh",3
"725","India",2020-03-20,"Uttar Pradesh",4
"726","India",2020-03-21,"Uttar Pradesh",4
"727","India",2020-03-22,"Uttar Pradesh",2
"728","India",2020-03-23,"Uttar Pradesh",4
"729","India",2020-03-24,"Uttar Pradesh",1
"730","India",2020-03-25,"Uttar Pradesh",3
"731","India",2020-03-26,"Uttar Pradesh",4
"732","India",2020-03-27,"Uttar Pradesh",7
"733","India",2020-03-28,"Uttar Pradesh",16
"734","India",2020-03-29,"Uttar Pradesh",7
"735","India",2020-03-30,"Uttar Pradesh",24
"736","India",2020-03-31,"Uttar Pradesh",8
"737","India",2020-04-01,"Uttar Pradesh",13
"738","India",2020-04-02,"Uttar Pradesh",11
"739","India",2020-04-03,"Uttar Pradesh",46
"740","India",2020-04-04,"Uttar Pradesh",60
"741","India",2020-04-05,"Uttar Pradesh",44
"742","India",2020-04-06,"Uttar Pradesh",27
"743","India",2020-04-07,"Uttar Pradesh",27
"744","India",2020-04-08,"Uttar Pradesh",29
"745","India",2020-04-09,"Uttar Pradesh",49
"746","India",2020-04-10,"Uttar Pradesh",23
"747","India",2020-04-11,"Uttar Pradesh",19
"748","India",2020-04-12,"Uttar Pradesh",31
"749","India",2020-04-13,"Uttar Pradesh",75
"750","India",2020-04-14,"Uttar Pradesh",102
"751","India",2020-04-15,"Uttar Pradesh",75
"752","India",2020-04-16,"Uttar Pradesh",70
"753","India",2020-04-17,"Uttar Pradesh",44
"754","India",2020-04-18,"Uttar Pradesh",126
"755","India",2020-04-19,"Uttar Pradesh",125
"756","India",2020-04-20,"Uttar Pradesh",84
"757","India",2020-04-21,"Uttar Pradesh",153
"758","India",2020-04-22,"Uttar Pradesh",112
"759","India",2020-04-23,"Uttar Pradesh",61
"760","India",2020-04-24,"Uttar Pradesh",111
"761","India",2020-04-25,"Uttar Pradesh",172
"762","India",2020-04-26,"Uttar Pradesh",80
"763","India",2020-03-15,"Uttarakhand",1
"764","India",2020-03-19,"Uttarakhand",2
"765","India",2020-03-23,"Uttarakhand",1
"766","India",2020-03-25,"Uttarakhand",1
"767","India",2020-03-28,"Uttarakhand",1
"768","India",2020-03-29,"Uttarakhand",1
"769","India",2020-04-02,"Uttarakhand",3
"770","India",2020-04-03,"Uttarakhand",6
"771","India",2020-04-04,"Uttarakhand",6
"772","India",2020-04-05,"Uttarakhand",4
"773","India",2020-04-06,"Uttarakhand",5
"774","India",2020-04-08,"Uttarakhand",4
"775","India",2020-04-14,"Uttarakhand",2
"776","India",2020-04-17,"Uttarakhand",3
"777","India",2020-04-18,"Uttarakhand",2
"778","India",2020-04-19,"Uttarakhand",2
"779","India",2020-04-20,"Uttarakhand",2
"780","India",2020-04-23,"Uttarakhand",1
"781","India",2020-04-24,"Uttarakhand",1
"782","India",2020-04-26,"Uttarakhand",3
"783","India",2020-03-17,"West Bengal",1
"784","India",2020-03-20,"West Bengal",1
"785","India",2020-03-21,"West Bengal",2
"786","India",2020-03-22,"West Bengal",3
"787","India",2020-03-24,"West Bengal",2
"788","India",2020-03-26,"West Bengal",1
"789","India",2020-03-27,"West Bengal",5
"790","India",2020-03-28,"West Bengal",3
"791","India",2020-03-29,"West Bengal",3
"792","India",2020-03-30,"West Bengal",1
"793","India",2020-03-31,"West Bengal",15
"794","India",2020-04-02,"West Bengal",16
"795","India",2020-04-05,"West Bengal",27
"796","India",2020-04-07,"West Bengal",11
"797","India",2020-04-08,"West Bengal",8
"798","India",2020-04-09,"West Bengal",4
"799","India",2020-04-10,"West Bengal",13
"800","India",2020-04-11,"West Bengal",10
"801","India",2020-04-12,"West Bengal",8
"802","India",2020-04-13,"West Bengal",18
"803","India",2020-04-14,"West Bengal",38
"804","India",2020-04-15,"West Bengal",23
"805","India",2020-04-16,"West Bengal",18
"806","India",2020-04-17,"West Bengal",24
"807","India",2020-04-18,"West Bengal",32
"808","India",2020-04-19,"West Bengal",23
"809","India",2020-04-20,"West Bengal",29
"810","India",2020-04-21,"West Bengal",53
"811","India",2020-04-22,"West Bengal",31
"812","India",2020-04-23,"West Bengal",33
"813","India",2020-04-24,"West Bengal",58
"814","India",2020-04-25,"West Bengal",57
"815","India",2020-04-26,"West Bengal",40
"816","India",2020-04-06,NA,1
